timeStamp,elapsed,label,responseCode,responseMessage,threadName,dataType,success,failureMessage,bytes,sentBytes,grpThreads,allThreads,URL,Latency,IdleTime,Connect
1597227821339,152,save_user,201,Created,Thread Group 1-1,text,true,,334,515,1,1,http://api.webengage.net/v1/accounts/~2024b249/users,146,0,65
1597227821772,119,save_users_bulk,201,Created,Thread Group 1-1,text,true,,334,8295,1,1,http://api.webengage.net/v1/accounts/~2024b249/bulk-users,119,0,0
1597227822372,11,save_event,201,Created,Thread Group 1-1,text,true,,334,440,1,1,http://api.webengage.net/v1/accounts/~2024b249/events,7,0,0
1597227822971,27,save_events_bulk,201,Created,Thread Group 1-1,text,true,,334,5772,1,1,http://api.webengage.net/v1/accounts/~2024b249/bulk-events,27,0,0
1597227823571,20,save_business-event,201,Created,Thread Group 1-1,text,true,,354,427,1,1,http://api.webengage.net/v2/accounts/~2024b249/business/save-event,19,0,0
1597227824171,136,transaction_message,200,OK,Thread Group 1-1,text,true,,469,480,1,1,http://api.webengage.net/v2/accounts/~2024b249/experiments/~2ask2s2/transaction,136,0,0
1597227824784,16,save_user,201,Created,Thread Group 1-1,text,true,,334,515,1,1,http://api.webengage.net/v1/accounts/~2024b249/users,16,0,1
1597227825372,103,save_users_bulk,201,Created,Thread Group 1-1,text,true,,334,8295,1,1,http://api.webengage.net/v1/accounts/~2024b249/bulk-users,103,0,0
1597227825971,14,save_event,201,Created,Thread Group 1-1,text,true,,334,440,1,1,http://api.webengage.net/v1/accounts/~2024b249/events,12,0,0
1597227826572,27,save_events_bulk,201,Created,Thread Group 1-1,text,true,,334,5772,1,1,http://api.webengage.net/v1/accounts/~2024b249/bulk-events,27,0,0
1597227827173,19,save_business-event,201,Created,Thread Group 1-1,text,true,,354,427,1,1,http://api.webengage.net/v2/accounts/~2024b249/business/save-event,18,0,0
1597227827773,56,transaction_message,200,OK,Thread Group 1-1,text,true,,469,480,1,1,http://api.webengage.net/v2/accounts/~2024b249/experiments/~2ask2s2/transaction,56,0,0
1597227828373,8,save_user,201,Created,Thread Group 1-1,text,true,,334,515,1,1,http://api.webengage.net/v1/accounts/~2024b249/users,7,0,1
1597227828973,129,save_users_bulk,201,Created,Thread Group 1-1,text,true,,334,8295,1,1,http://api.webengage.net/v1/accounts/~2024b249/bulk-users,124,0,0
1597227829573,9,save_event,201,Created,Thread Group 1-1,text,true,,334,440,1,1,http://api.webengage.net/v1/accounts/~2024b249/events,8,0,0
1597227830172,23,save_events_bulk,201,Created,Thread Group 1-1,text,true,,334,5772,1,1,http://api.webengage.net/v1/accounts/~2024b249/bulk-events,23,0,0
1597227830772,24,save_business-event,201,Created,Thread Group 1-1,text,true,,354,427,1,1,http://api.webengage.net/v2/accounts/~2024b249/business/save-event,23,0,0
1597227831373,57,transaction_message,200,OK,Thread Group 1-1,text,true,,469,480,1,1,http://api.webengage.net/v2/accounts/~2024b249/experiments/~2ask2s2/transaction,57,0,0
1597227831973,7,save_user,201,Created,Thread Group 1-1,text,true,,334,515,1,1,http://api.webengage.net/v1/accounts/~2024b249/users,7,0,1
1597227832573,109,save_users_bulk,201,Created,Thread Group 1-1,text,true,,334,8295,1,1,http://api.webengage.net/v1/accounts/~2024b249/bulk-users,108,0,0
1597227833173,10,save_event,201,Created,Thread Group 1-1,text,true,,334,440,1,1,http://api.webengage.net/v1/accounts/~2024b249/events,6,0,0
1597227833772,17,save_events_bulk,201,Created,Thread Group 1-1,text,true,,334,5772,1,1,http://api.webengage.net/v1/accounts/~2024b249/bulk-events,17,0,0
1597227834372,19,save_business-event,201,Created,Thread Group 1-1,text,true,,354,427,1,1,http://api.webengage.net/v2/accounts/~2024b249/business/save-event,19,0,0
1597227834973,52,transaction_message,200,OK,Thread Group 1-1,text,true,,469,480,1,1,http://api.webengage.net/v2/accounts/~2024b249/experiments/~2ask2s2/transaction,51,0,0
1597227835573,9,save_user,201,Created,Thread Group 1-1,text,true,,334,515,1,1,http://api.webengage.net/v1/accounts/~2024b249/users,9,0,1
1597227836173,111,save_users_bulk,201,Created,Thread Group 1-1,text,true,,334,8295,1,1,http://api.webengage.net/v1/accounts/~2024b249/bulk-users,110,0,0
1597227836773,13,save_event,201,Created,Thread Group 1-1,text,true,,334,440,1,1,http://api.webengage.net/v1/accounts/~2024b249/events,12,0,0
1597227837373,27,save_events_bulk,201,Created,Thread Group 1-1,text,true,,334,5772,1,1,http://api.webengage.net/v1/accounts/~2024b249/bulk-events,26,0,0
1597227837973,26,save_business-event,201,Created,Thread Group 1-1,text,true,,354,427,1,1,http://api.webengage.net/v2/accounts/~2024b249/business/save-event,24,0,0
1597227838572,65,transaction_message,200,OK,Thread Group 1-1,text,true,,469,480,1,1,http://api.webengage.net/v2/accounts/~2024b249/experiments/~2ask2s2/transaction,65,0,0
1597227839173,8,save_user,201,Created,Thread Group 1-1,text,true,,334,515,1,1,http://api.webengage.net/v1/accounts/~2024b249/users,7,0,1
1597227839772,99,save_users_bulk,201,Created,Thread Group 1-1,text,true,,334,8295,1,1,http://api.webengage.net/v1/accounts/~2024b249/bulk-users,99,0,0
1597227840373,6,save_event,201,Created,Thread Group 1-1,text,true,,334,440,1,1,http://api.webengage.net/v1/accounts/~2024b249/events,6,0,0
1597227840972,24,save_events_bulk,201,Created,Thread Group 1-1,text,true,,334,5772,1,1,http://api.webengage.net/v1/accounts/~2024b249/bulk-events,23,0,0
1597227841573,29,save_business-event,201,Created,Thread Group 1-1,text,true,,354,427,1,1,http://api.webengage.net/v2/accounts/~2024b249/business/save-event,29,0,0
1597227842173,55,transaction_message,200,OK,Thread Group 1-1,text,true,,469,480,1,1,http://api.webengage.net/v2/accounts/~2024b249/experiments/~2ask2s2/transaction,55,0,0
1597227842773,11,save_user,201,Created,Thread Group 1-1,text,true,,334,515,1,1,http://api.webengage.net/v1/accounts/~2024b249/users,10,0,1
1597227843372,99,save_users_bulk,201,Created,Thread Group 1-1,text,true,,334,8295,1,1,http://api.webengage.net/v1/accounts/~2024b249/bulk-users,99,0,0
1597227843973,7,save_event,201,Created,Thread Group 1-1,text,true,,334,440,1,1,http://api.webengage.net/v1/accounts/~2024b249/events,6,0,0
1597227844572,21,save_events_bulk,201,Created,Thread Group 1-1,text,true,,334,5772,1,1,http://api.webengage.net/v1/accounts/~2024b249/bulk-events,21,0,0
1597227845173,32,save_business-event,201,Created,Thread Group 1-1,text,true,,354,427,1,1,http://api.webengage.net/v2/accounts/~2024b249/business/save-event,31,0,0
1597227845773,56,transaction_message,200,OK,Thread Group 1-1,text,true,,469,480,1,1,http://api.webengage.net/v2/accounts/~2024b249/experiments/~2ask2s2/transaction,56,0,0
1597227846373,11,save_user,201,Created,Thread Group 1-1,text,true,,334,515,1,1,http://api.webengage.net/v1/accounts/~2024b249/users,11,0,1
1597227846972,159,save_users_bulk,201,Created,Thread Group 1-1,text,true,,334,8295,1,1,http://api.webengage.net/v1/accounts/~2024b249/bulk-users,158,0,0
1597227847573,5,save_event,201,Created,Thread Group 1-1,text,true,,334,440,1,1,http://api.webengage.net/v1/accounts/~2024b249/events,5,0,0
1597227848173,23,save_events_bulk,201,Created,Thread Group 1-1,text,true,,334,5772,1,1,http://api.webengage.net/v1/accounts/~2024b249/bulk-events,23,0,0
1597227848773,18,save_business-event,201,Created,Thread Group 1-1,text,true,,354,427,1,1,http://api.webengage.net/v2/accounts/~2024b249/business/save-event,17,0,0
1597227849372,76,transaction_message,200,OK,Thread Group 1-1,text,true,,469,480,1,1,http://api.webengage.net/v2/accounts/~2024b249/experiments/~2ask2s2/transaction,75,0,0
1597227849972,9,save_user,201,Created,Thread Group 1-1,text,true,,334,515,1,1,http://api.webengage.net/v1/accounts/~2024b249/users,9,0,2
1597227850573,114,save_users_bulk,201,Created,Thread Group 1-1,text,true,,334,8295,1,1,http://api.webengage.net/v1/accounts/~2024b249/bulk-users,113,0,0
1597227851172,7,save_event,201,Created,Thread Group 1-1,text,true,,334,440,1,1,http://api.webengage.net/v1/accounts/~2024b249/events,6,0,0
1597227851771,17,save_events_bulk,201,Created,Thread Group 1-1,text,true,,334,5772,1,1,http://api.webengage.net/v1/accounts/~2024b249/bulk-events,17,0,0
1597227852372,16,save_business-event,201,Created,Thread Group 1-1,text,true,,354,427,1,1,http://api.webengage.net/v2/accounts/~2024b249/business/save-event,16,0,0
1597227852972,50,transaction_message,200,OK,Thread Group 1-1,text,true,,469,480,1,1,http://api.webengage.net/v2/accounts/~2024b249/experiments/~2ask2s2/transaction,49,0,0
1597227853572,6,save_user,201,Created,Thread Group 1-1,text,true,,334,515,1,1,http://api.webengage.net/v1/accounts/~2024b249/users,6,0,1
1597227854172,120,save_users_bulk,201,Created,Thread Group 1-1,text,true,,334,8295,1,1,http://api.webengage.net/v1/accounts/~2024b249/bulk-users,120,0,0
1597227854771,6,save_event,201,Created,Thread Group 1-1,text,true,,334,440,1,1,http://api.webengage.net/v1/accounts/~2024b249/events,6,0,0
1597227855372,22,save_events_bulk,201,Created,Thread Group 1-1,text,true,,334,5772,1,1,http://api.webengage.net/v1/accounts/~2024b249/bulk-events,21,0,0
1597227855971,16,save_business-event,201,Created,Thread Group 1-1,text,true,,354,427,1,1,http://api.webengage.net/v2/accounts/~2024b249/business/save-event,16,0,0
1597227856573,52,transaction_message,200,OK,Thread Group 1-1,text,true,,469,480,1,1,http://api.webengage.net/v2/accounts/~2024b249/experiments/~2ask2s2/transaction,52,0,0
1597227857173,6,save_user,201,Created,Thread Group 1-1,text,true,,334,515,1,1,http://api.webengage.net/v1/accounts/~2024b249/users,6,0,1
1597227857772,100,save_users_bulk,201,Created,Thread Group 1-1,text,true,,334,8295,1,1,http://api.webengage.net/v1/accounts/~2024b249/bulk-users,100,0,0
1597227858373,6,save_event,201,Created,Thread Group 1-1,text,true,,334,440,1,1,http://api.webengage.net/v1/accounts/~2024b249/events,5,0,0
1597227858972,22,save_events_bulk,201,Created,Thread Group 1-1,text,true,,334,5772,1,1,http://api.webengage.net/v1/accounts/~2024b249/bulk-events,21,0,0
1597227859572,19,save_business-event,201,Created,Thread Group 1-1,text,true,,354,427,1,1,http://api.webengage.net/v2/accounts/~2024b249/business/save-event,18,0,0
1597227860172,64,transaction_message,200,OK,Thread Group 1-1,text,true,,469,480,1,1,http://api.webengage.net/v2/accounts/~2024b249/experiments/~2ask2s2/transaction,64,0,0
1597227860773,6,save_user,201,Created,Thread Group 1-1,text,true,,334,515,1,1,http://api.webengage.net/v1/accounts/~2024b249/users,6,0,0
1597227861373,100,save_users_bulk,201,Created,Thread Group 1-1,text,true,,334,8295,1,1,http://api.webengage.net/v1/accounts/~2024b249/bulk-users,96,0,0
1597227861972,8,save_event,201,Created,Thread Group 1-1,text,true,,334,440,1,1,http://api.webengage.net/v1/accounts/~2024b249/events,8,0,0
1597227862573,16,save_events_bulk,201,Created,Thread Group 1-1,text,true,,334,5772,1,1,http://api.webengage.net/v1/accounts/~2024b249/bulk-events,16,0,0
1597227863173,17,save_business-event,201,Created,Thread Group 1-1,text,true,,354,427,1,1,http://api.webengage.net/v2/accounts/~2024b249/business/save-event,16,0,0
1597227863772,52,transaction_message,200,OK,Thread Group 1-1,text,true,,469,480,1,1,http://api.webengage.net/v2/accounts/~2024b249/experiments/~2ask2s2/transaction,51,0,0
1597227864373,6,save_user,201,Created,Thread Group 1-1,text,true,,334,515,1,1,http://api.webengage.net/v1/accounts/~2024b249/users,6,0,1
1597227864972,101,save_users_bulk,201,Created,Thread Group 1-1,text,true,,334,8295,1,1,http://api.webengage.net/v1/accounts/~2024b249/bulk-users,101,0,0
1597227865573,6,save_event,201,Created,Thread Group 1-1,text,true,,334,440,1,1,http://api.webengage.net/v1/accounts/~2024b249/events,5,0,0
1597227866173,26,save_events_bulk,201,Created,Thread Group 1-1,text,true,,334,5772,1,1,http://api.webengage.net/v1/accounts/~2024b249/bulk-events,25,0,0
1597227866772,19,save_business-event,201,Created,Thread Group 1-1,text,true,,354,427,1,1,http://api.webengage.net/v2/accounts/~2024b249/business/save-event,18,0,0
1597227867372,51,transaction_message,200,OK,Thread Group 1-1,text,true,,469,480,1,1,http://api.webengage.net/v2/accounts/~2024b249/experiments/~2ask2s2/transaction,51,0,0
1597227867973,9,save_user,201,Created,Thread Group 1-1,text,true,,334,515,1,1,http://api.webengage.net/v1/accounts/~2024b249/users,9,0,2
1597227868573,101,save_users_bulk,201,Created,Thread Group 1-1,text,true,,334,8295,1,1,http://api.webengage.net/v1/accounts/~2024b249/bulk-users,101,0,0
1597227869173,6,save_event,201,Created,Thread Group 1-1,text,true,,334,440,1,1,http://api.webengage.net/v1/accounts/~2024b249/events,6,0,0
1597227869773,17,save_events_bulk,201,Created,Thread Group 1-1,text,true,,334,5772,1,1,http://api.webengage.net/v1/accounts/~2024b249/bulk-events,17,0,0
1597227870373,18,save_business-event,201,Created,Thread Group 1-1,text,true,,354,427,1,1,http://api.webengage.net/v2/accounts/~2024b249/business/save-event,18,0,0
1597227870973,69,transaction_message,200,OK,Thread Group 1-1,text,true,,469,480,1,1,http://api.webengage.net/v2/accounts/~2024b249/experiments/~2ask2s2/transaction,69,0,0
1597227871572,7,save_user,201,Created,Thread Group 1-1,text,true,,334,515,1,1,http://api.webengage.net/v1/accounts/~2024b249/users,7,0,2
1597227872172,107,save_users_bulk,201,Created,Thread Group 1-1,text,true,,334,8295,1,1,http://api.webengage.net/v1/accounts/~2024b249/bulk-users,107,0,0
1597227872772,7,save_event,201,Created,Thread Group 1-1,text,true,,334,440,1,1,http://api.webengage.net/v1/accounts/~2024b249/events,7,0,0
1597227873372,19,save_events_bulk,201,Created,Thread Group 1-1,text,true,,334,5772,1,1,http://api.webengage.net/v1/accounts/~2024b249/bulk-events,19,0,0
1597227873973,16,save_business-event,201,Created,Thread Group 1-1,text,true,,354,427,1,1,http://api.webengage.net/v2/accounts/~2024b249/business/save-event,16,0,0
1597227874572,57,transaction_message,200,OK,Thread Group 1-1,text,true,,469,480,1,1,http://api.webengage.net/v2/accounts/~2024b249/experiments/~2ask2s2/transaction,57,0,0
1597227875173,9,save_user,201,Created,Thread Group 1-1,text,true,,334,515,1,1,http://api.webengage.net/v1/accounts/~2024b249/users,8,0,2
1597227875772,96,save_users_bulk,201,Created,Thread Group 1-1,text,true,,334,8295,1,1,http://api.webengage.net/v1/accounts/~2024b249/bulk-users,96,0,0
1597227876372,8,save_event,201,Created,Thread Group 1-1,text,true,,334,440,1,1,http://api.webengage.net/v1/accounts/~2024b249/events,8,0,0
1597227876973,23,save_events_bulk,201,Created,Thread Group 1-1,text,true,,334,5772,1,1,http://api.webengage.net/v1/accounts/~2024b249/bulk-events,23,0,0
1597227877573,46,save_business-event,201,Created,Thread Group 1-1,text,true,,354,427,1,1,http://api.webengage.net/v2/accounts/~2024b249/business/save-event,46,0,0
1597227878173,95,transaction_message,200,OK,Thread Group 1-1,text,true,,469,480,1,1,http://api.webengage.net/v2/accounts/~2024b249/experiments/~2ask2s2/transaction,91,0,0
1597227878773,10,save_user,201,Created,Thread Group 1-1,text,true,,334,515,1,1,http://api.webengage.net/v1/accounts/~2024b249/users,10,0,1
1597227879372,150,save_users_bulk,201,Created,Thread Group 1-1,text,true,,334,8295,1,1,http://api.webengage.net/v1/accounts/~2024b249/bulk-users,149,0,0
1597227879972,9,save_event,201,Created,Thread Group 1-1,text,true,,334,440,1,1,http://api.webengage.net/v1/accounts/~2024b249/events,8,0,0
1597227880572,39,save_events_bulk,201,Created,Thread Group 1-1,text,true,,334,5772,1,1,http://api.webengage.net/v1/accounts/~2024b249/bulk-events,38,0,0
1597227881172,18,save_business-event,201,Created,Thread Group 1-1,text,true,,354,427,1,1,http://api.webengage.net/v2/accounts/~2024b249/business/save-event,18,0,0
1597227881771,52,transaction_message,200,OK,Thread Group 1-1,text,true,,469,480,1,1,http://api.webengage.net/v2/accounts/~2024b249/experiments/~2ask2s2/transaction,52,0,0
1597227882371,9,save_user,201,Created,Thread Group 1-1,text,true,,334,515,1,1,http://api.webengage.net/v1/accounts/~2024b249/users,8,0,1
1597227882971,112,save_users_bulk,201,Created,Thread Group 1-1,text,true,,334,8295,1,1,http://api.webengage.net/v1/accounts/~2024b249/bulk-users,111,0,0
1597227883571,6,save_event,201,Created,Thread Group 1-1,text,true,,334,440,1,1,http://api.webengage.net/v1/accounts/~2024b249/events,6,0,0
1597227884171,17,save_events_bulk,201,Created,Thread Group 1-1,text,true,,334,5772,1,1,http://api.webengage.net/v1/accounts/~2024b249/bulk-events,17,0,0
1597227884772,33,save_business-event,201,Created,Thread Group 1-1,text,true,,354,427,1,1,http://api.webengage.net/v2/accounts/~2024b249/business/save-event,29,0,0
1597227885372,47,transaction_message,200,OK,Thread Group 1-1,text,true,,469,480,1,1,http://api.webengage.net/v2/accounts/~2024b249/experiments/~2ask2s2/transaction,47,0,0
1597227885971,7,save_user,201,Created,Thread Group 1-1,text,true,,334,515,1,1,http://api.webengage.net/v1/accounts/~2024b249/users,7,0,2
1597227886573,418,save_users_bulk,201,Created,Thread Group 1-1,text,true,,334,8295,1,1,http://api.webengage.net/v1/accounts/~2024b249/bulk-users,418,0,0
1597227887172,6,save_event,201,Created,Thread Group 1-1,text,true,,334,440,1,1,http://api.webengage.net/v1/accounts/~2024b249/events,6,0,0
1597227887772,18,save_events_bulk,201,Created,Thread Group 1-1,text,true,,334,5772,1,1,http://api.webengage.net/v1/accounts/~2024b249/bulk-events,18,0,0
1597227888373,17,save_business-event,201,Created,Thread Group 1-1,text,true,,354,427,1,1,http://api.webengage.net/v2/accounts/~2024b249/business/save-event,17,0,0
1597227888973,57,transaction_message,200,OK,Thread Group 1-1,text,true,,469,480,1,1,http://api.webengage.net/v2/accounts/~2024b249/experiments/~2ask2s2/transaction,57,0,0
1597227889572,7,save_user,201,Created,Thread Group 1-1,text,true,,334,515,1,1,http://api.webengage.net/v1/accounts/~2024b249/users,7,0,1
1597227890173,95,save_users_bulk,201,Created,Thread Group 1-1,text,true,,334,8295,1,1,http://api.webengage.net/v1/accounts/~2024b249/bulk-users,95,0,0
1597227890773,5,save_event,201,Created,Thread Group 1-1,text,true,,334,440,1,1,http://api.webengage.net/v1/accounts/~2024b249/events,5,0,0
1597227891374,21,save_events_bulk,201,Created,Thread Group 1-1,text,true,,334,5772,1,1,http://api.webengage.net/v1/accounts/~2024b249/bulk-events,21,0,0
1597227891973,16,save_business-event,201,Created,Thread Group 1-1,text,true,,354,427,1,1,http://api.webengage.net/v2/accounts/~2024b249/business/save-event,16,0,0
1597227892572,57,transaction_message,200,OK,Thread Group 1-1,text,true,,469,480,1,1,http://api.webengage.net/v2/accounts/~2024b249/experiments/~2ask2s2/transaction,57,0,0
1597227893173,8,save_user,201,Created,Thread Group 1-1,text,true,,334,515,1,1,http://api.webengage.net/v1/accounts/~2024b249/users,6,0,1
1597227893772,99,save_users_bulk,201,Created,Thread Group 1-1,text,true,,334,8295,1,1,http://api.webengage.net/v1/accounts/~2024b249/bulk-users,98,0,0
1597227894372,6,save_event,201,Created,Thread Group 1-1,text,true,,334,440,1,1,http://api.webengage.net/v1/accounts/~2024b249/events,6,0,0
1597227894973,17,save_events_bulk,201,Created,Thread Group 1-1,text,true,,334,5772,1,1,http://api.webengage.net/v1/accounts/~2024b249/bulk-events,17,0,0
1597227895573,17,save_business-event,201,Created,Thread Group 1-1,text,true,,354,427,1,1,http://api.webengage.net/v2/accounts/~2024b249/business/save-event,17,0,0
1597227896172,74,transaction_message,200,OK,Thread Group 1-1,text,true,,469,480,1,1,http://api.webengage.net/v2/accounts/~2024b249/experiments/~2ask2s2/transaction,74,0,0
1597227896773,7,save_user,201,Created,Thread Group 1-1,text,true,,334,515,1,1,http://api.webengage.net/v1/accounts/~2024b249/users,6,0,1
1597227897373,94,save_users_bulk,201,Created,Thread Group 1-1,text,true,,334,8295,1,1,http://api.webengage.net/v1/accounts/~2024b249/bulk-users,94,0,0
1597227897973,6,save_event,201,Created,Thread Group 1-1,text,true,,334,440,1,1,http://api.webengage.net/v1/accounts/~2024b249/events,6,0,0
1597227898573,21,save_events_bulk,201,Created,Thread Group 1-1,text,true,,334,5772,1,1,http://api.webengage.net/v1/accounts/~2024b249/bulk-events,21,0,0
1597227899173,16,save_business-event,201,Created,Thread Group 1-1,text,true,,354,427,1,1,http://api.webengage.net/v2/accounts/~2024b249/business/save-event,15,0,0
1597227899772,58,transaction_message,200,OK,Thread Group 1-1,text,true,,469,480,1,1,http://api.webengage.net/v2/accounts/~2024b249/experiments/~2ask2s2/transaction,57,0,0
1597227900373,8,save_user,201,Created,Thread Group 1-1,text,true,,334,515,1,1,http://api.webengage.net/v1/accounts/~2024b249/users,8,0,1
1597227900972,123,save_users_bulk,201,Created,Thread Group 1-1,text,true,,334,8295,1,1,http://api.webengage.net/v1/accounts/~2024b249/bulk-users,123,0,0
1597227901573,6,save_event,201,Created,Thread Group 1-1,text,true,,334,440,1,1,http://api.webengage.net/v1/accounts/~2024b249/events,6,0,0
1597227902172,22,save_events_bulk,201,Created,Thread Group 1-1,text,true,,334,5772,1,1,http://api.webengage.net/v1/accounts/~2024b249/bulk-events,17,0,0
1597227902772,20,save_business-event,201,Created,Thread Group 1-1,text,true,,354,427,1,1,http://api.webengage.net/v2/accounts/~2024b249/business/save-event,19,0,0
1597227903372,56,transaction_message,200,OK,Thread Group 1-1,text,true,,469,480,1,1,http://api.webengage.net/v2/accounts/~2024b249/experiments/~2ask2s2/transaction,56,0,0
1597227903973,8,save_user,201,Created,Thread Group 1-1,text,true,,334,515,1,1,http://api.webengage.net/v1/accounts/~2024b249/users,8,0,0
1597227904573,104,save_users_bulk,201,Created,Thread Group 1-1,text,true,,334,8295,1,1,http://api.webengage.net/v1/accounts/~2024b249/bulk-users,104,0,0
1597227905173,7,save_event,201,Created,Thread Group 1-1,text,true,,334,440,1,1,http://api.webengage.net/v1/accounts/~2024b249/events,7,0,0
1597227905773,33,save_events_bulk,201,Created,Thread Group 1-1,text,true,,334,5772,1,1,http://api.webengage.net/v1/accounts/~2024b249/bulk-events,23,0,0
1597227906372,17,save_business-event,201,Created,Thread Group 1-1,text,true,,354,427,1,1,http://api.webengage.net/v2/accounts/~2024b249/business/save-event,16,0,0
1597227906973,53,transaction_message,200,OK,Thread Group 1-1,text,true,,469,480,1,1,http://api.webengage.net/v2/accounts/~2024b249/experiments/~2ask2s2/transaction,53,0,0
1597227907572,6,save_user,201,Created,Thread Group 1-1,text,true,,334,515,1,1,http://api.webengage.net/v1/accounts/~2024b249/users,6,0,1
1597227908172,95,save_users_bulk,201,Created,Thread Group 1-1,text,true,,334,8295,1,1,http://api.webengage.net/v1/accounts/~2024b249/bulk-users,95,0,0
1597227908773,5,save_event,201,Created,Thread Group 1-1,text,true,,334,440,1,1,http://api.webengage.net/v1/accounts/~2024b249/events,5,0,0
1597227909373,16,save_events_bulk,201,Created,Thread Group 1-1,text,true,,334,5772,1,1,http://api.webengage.net/v1/accounts/~2024b249/bulk-events,16,0,0
1597227909973,17,save_business-event,201,Created,Thread Group 1-1,text,true,,354,427,1,1,http://api.webengage.net/v2/accounts/~2024b249/business/save-event,17,0,0
1597227910572,58,transaction_message,200,OK,Thread Group 1-1,text,true,,469,480,1,1,http://api.webengage.net/v2/accounts/~2024b249/experiments/~2ask2s2/transaction,57,0,0
1597227911172,6,save_user,201,Created,Thread Group 1-1,text,true,,334,515,1,1,http://api.webengage.net/v1/accounts/~2024b249/users,6,0,1
1597227911771,90,save_users_bulk,201,Created,Thread Group 1-1,text,true,,334,8295,1,1,http://api.webengage.net/v1/accounts/~2024b249/bulk-users,90,0,0
1597227912372,6,save_event,201,Created,Thread Group 1-1,text,true,,334,440,1,1,http://api.webengage.net/v1/accounts/~2024b249/events,5,0,0
1597227912972,16,save_events_bulk,201,Created,Thread Group 1-1,text,true,,334,5772,1,1,http://api.webengage.net/v1/accounts/~2024b249/bulk-events,16,0,0
1597227913571,24,save_business-event,201,Created,Thread Group 1-1,text,true,,354,427,1,1,http://api.webengage.net/v2/accounts/~2024b249/business/save-event,24,0,0
1597227914171,51,transaction_message,200,OK,Thread Group 1-1,text,true,,469,480,1,1,http://api.webengage.net/v2/accounts/~2024b249/experiments/~2ask2s2/transaction,51,0,0
1597227914772,7,save_user,201,Created,Thread Group 1-1,text,true,,334,515,1,1,http://api.webengage.net/v1/accounts/~2024b249/users,6,0,1
1597227915371,94,save_users_bulk,201,Created,Thread Group 1-1,text,true,,334,8295,1,1,http://api.webengage.net/v1/accounts/~2024b249/bulk-users,94,0,0
1597227915971,7,save_event,201,Created,Thread Group 1-1,text,true,,334,440,1,1,http://api.webengage.net/v1/accounts/~2024b249/events,7,0,0
1597227916572,21,save_events_bulk,201,Created,Thread Group 1-1,text,true,,334,5772,1,1,http://api.webengage.net/v1/accounts/~2024b249/bulk-events,21,0,0
1597227917172,18,save_business-event,201,Created,Thread Group 1-1,text,true,,354,427,1,1,http://api.webengage.net/v2/accounts/~2024b249/business/save-event,18,0,0
1597227917772,51,transaction_message,200,OK,Thread Group 1-1,text,true,,469,480,1,1,http://api.webengage.net/v2/accounts/~2024b249/experiments/~2ask2s2/transaction,51,0,0
1597227918373,6,save_user,201,Created,Thread Group 1-1,text,true,,334,515,1,1,http://api.webengage.net/v1/accounts/~2024b249/users,6,0,1
1597227918972,94,save_users_bulk,201,Created,Thread Group 1-1,text,true,,334,8295,1,1,http://api.webengage.net/v1/accounts/~2024b249/bulk-users,93,0,0
1597227919573,6,save_event,201,Created,Thread Group 1-1,text,true,,334,440,1,1,http://api.webengage.net/v1/accounts/~2024b249/events,6,0,0
1597227920172,23,save_events_bulk,201,Created,Thread Group 1-1,text,true,,334,5772,1,1,http://api.webengage.net/v1/accounts/~2024b249/bulk-events,19,0,0
1597227920773,16,save_business-event,201,Created,Thread Group 1-1,text,true,,354,427,1,1,http://api.webengage.net/v2/accounts/~2024b249/business/save-event,16,0,0
1597227921372,49,transaction_message,200,OK,Thread Group 1-1,text,true,,469,480,1,1,http://api.webengage.net/v2/accounts/~2024b249/experiments/~2ask2s2/transaction,49,0,0
1597227921973,15,save_user,201,Created,Thread Group 1-1,text,true,,334,515,1,1,http://api.webengage.net/v1/accounts/~2024b249/users,15,0,1
1597227922572,108,save_users_bulk,201,Created,Thread Group 1-1,text,true,,334,8295,1,1,http://api.webengage.net/v1/accounts/~2024b249/bulk-users,108,0,0
1597227923172,9,save_event,201,Created,Thread Group 1-1,text,true,,334,440,1,1,http://api.webengage.net/v1/accounts/~2024b249/events,8,0,0
1597227923772,22,save_events_bulk,201,Created,Thread Group 1-1,text,true,,334,5772,1,1,http://api.webengage.net/v1/accounts/~2024b249/bulk-events,22,0,0
1597227924373,17,save_business-event,201,Created,Thread Group 1-1,text,true,,354,427,1,1,http://api.webengage.net/v2/accounts/~2024b249/business/save-event,17,0,0
1597227924973,50,transaction_message,200,OK,Thread Group 1-1,text,true,,469,480,1,1,http://api.webengage.net/v2/accounts/~2024b249/experiments/~2ask2s2/transaction,50,0,0
1597227925573,9,save_user,201,Created,Thread Group 1-1,text,true,,334,515,1,1,http://api.webengage.net/v1/accounts/~2024b249/users,8,0,1
1597227926172,128,save_users_bulk,201,Created,Thread Group 1-1,text,true,,334,8295,1,1,http://api.webengage.net/v1/accounts/~2024b249/bulk-users,128,0,0
1597227926772,6,save_event,201,Created,Thread Group 1-1,text,true,,334,440,1,1,http://api.webengage.net/v1/accounts/~2024b249/events,6,0,0
1597227927372,16,save_events_bulk,201,Created,Thread Group 1-1,text,true,,334,5772,1,1,http://api.webengage.net/v1/accounts/~2024b249/bulk-events,15,0,0
1597227927973,16,save_business-event,201,Created,Thread Group 1-1,text,true,,354,427,1,1,http://api.webengage.net/v2/accounts/~2024b249/business/save-event,16,0,0
1597227928573,51,transaction_message,200,OK,Thread Group 1-1,text,true,,469,480,1,1,http://api.webengage.net/v2/accounts/~2024b249/experiments/~2ask2s2/transaction,51,0,0
1597227929173,7,save_user,201,Created,Thread Group 1-1,text,true,,334,515,1,1,http://api.webengage.net/v1/accounts/~2024b249/users,7,0,1
1597227929772,103,save_users_bulk,201,Created,Thread Group 1-1,text,true,,334,8295,1,1,http://api.webengage.net/v1/accounts/~2024b249/bulk-users,103,0,0
1597227930372,6,save_event,201,Created,Thread Group 1-1,text,true,,334,440,1,1,http://api.webengage.net/v1/accounts/~2024b249/events,6,0,0
1597227930973,15,save_events_bulk,201,Created,Thread Group 1-1,text,true,,334,5772,1,1,http://api.webengage.net/v1/accounts/~2024b249/bulk-events,15,0,0
1597227931573,16,save_business-event,201,Created,Thread Group 1-1,text,true,,354,427,1,1,http://api.webengage.net/v2/accounts/~2024b249/business/save-event,16,0,0
1597227932172,68,transaction_message,200,OK,Thread Group 1-1,text,true,,469,480,1,1,http://api.webengage.net/v2/accounts/~2024b249/experiments/~2ask2s2/transaction,68,0,0
1597227932773,6,save_user,201,Created,Thread Group 1-1,text,true,,334,515,1,1,http://api.webengage.net/v1/accounts/~2024b249/users,6,0,1
1597227933372,91,save_users_bulk,201,Created,Thread Group 1-1,text,true,,334,8295,1,1,http://api.webengage.net/v1/accounts/~2024b249/bulk-users,90,0,0
1597227933972,6,save_event,201,Created,Thread Group 1-1,text,true,,334,440,1,1,http://api.webengage.net/v1/accounts/~2024b249/events,6,0,0
1597227934573,15,save_events_bulk,201,Created,Thread Group 1-1,text,true,,334,5772,1,1,http://api.webengage.net/v1/accounts/~2024b249/bulk-events,15,0,0
1597227935172,17,save_business-event,201,Created,Thread Group 1-1,text,true,,354,427,1,1,http://api.webengage.net/v2/accounts/~2024b249/business/save-event,17,0,0
1597227935773,54,transaction_message,200,OK,Thread Group 1-1,text,true,,469,480,1,1,http://api.webengage.net/v2/accounts/~2024b249/experiments/~2ask2s2/transaction,52,0,0
1597227936373,6,save_user,201,Created,Thread Group 1-1,text,true,,334,515,1,1,http://api.webengage.net/v1/accounts/~2024b249/users,6,0,1
1597227936972,98,save_users_bulk,201,Created,Thread Group 1-1,text,true,,334,8295,1,1,http://api.webengage.net/v1/accounts/~2024b249/bulk-users,98,0,0
1597227937573,6,save_event,201,Created,Thread Group 1-1,text,true,,334,440,1,1,http://api.webengage.net/v1/accounts/~2024b249/events,6,0,0
1597227938172,16,save_events_bulk,201,Created,Thread Group 1-1,text,true,,334,5772,1,1,http://api.webengage.net/v1/accounts/~2024b249/bulk-events,16,0,0
1597227938772,16,save_business-event,201,Created,Thread Group 1-1,text,true,,354,427,1,1,http://api.webengage.net/v2/accounts/~2024b249/business/save-event,16,0,0
1597227939373,50,transaction_message,200,OK,Thread Group 1-1,text,true,,469,480,1,1,http://api.webengage.net/v2/accounts/~2024b249/experiments/~2ask2s2/transaction,50,0,0
1597227939972,6,save_user,201,Created,Thread Group 1-1,text,true,,334,515,1,1,http://api.webengage.net/v1/accounts/~2024b249/users,6,0,1
1597227940572,89,save_users_bulk,201,Created,Thread Group 1-1,text,true,,334,8295,1,1,http://api.webengage.net/v1/accounts/~2024b249/bulk-users,89,0,0
1597227941173,8,save_event,201,Created,Thread Group 1-1,text,true,,334,440,1,1,http://api.webengage.net/v1/accounts/~2024b249/events,7,0,0
1597227941772,16,save_events_bulk,201,Created,Thread Group 1-1,text,true,,334,5772,1,1,http://api.webengage.net/v1/accounts/~2024b249/bulk-events,15,0,0
1597227942372,17,save_business-event,201,Created,Thread Group 1-1,text,true,,354,427,1,1,http://api.webengage.net/v2/accounts/~2024b249/business/save-event,17,0,0
1597227942972,53,transaction_message,200,OK,Thread Group 1-1,text,true,,469,480,1,1,http://api.webengage.net/v2/accounts/~2024b249/experiments/~2ask2s2/transaction,52,0,0
1597227943572,6,save_user,201,Created,Thread Group 1-1,text,true,,334,515,1,1,http://api.webengage.net/v1/accounts/~2024b249/users,6,0,1
1597227944172,99,save_users_bulk,201,Created,Thread Group 1-1,text,true,,334,8295,1,1,http://api.webengage.net/v1/accounts/~2024b249/bulk-users,99,0,0
1597227944772,5,save_event,201,Created,Thread Group 1-1,text,true,,334,440,1,1,http://api.webengage.net/v1/accounts/~2024b249/events,5,0,0
1597227945372,16,save_events_bulk,201,Created,Thread Group 1-1,text,true,,334,5772,1,1,http://api.webengage.net/v1/accounts/~2024b249/bulk-events,15,0,0
1597227945972,17,save_business-event,201,Created,Thread Group 1-1,text,true,,354,427,1,1,http://api.webengage.net/v2/accounts/~2024b249/business/save-event,17,0,0
1597227946572,47,transaction_message,200,OK,Thread Group 1-1,text,true,,469,480,1,1,http://api.webengage.net/v2/accounts/~2024b249/experiments/~2ask2s2/transaction,47,0,0
1597227947172,6,save_user,201,Created,Thread Group 1-1,text,true,,334,515,1,1,http://api.webengage.net/v1/accounts/~2024b249/users,6,0,1
1597227947772,99,save_users_bulk,201,Created,Thread Group 1-1,text,true,,334,8295,1,1,http://api.webengage.net/v1/accounts/~2024b249/bulk-users,99,0,0
1597227948373,6,save_event,201,Created,Thread Group 1-1,text,true,,334,440,1,1,http://api.webengage.net/v1/accounts/~2024b249/events,5,0,0
1597227948973,24,save_events_bulk,201,Created,Thread Group 1-1,text,true,,334,5772,1,1,http://api.webengage.net/v1/accounts/~2024b249/bulk-events,24,0,0
1597227949573,16,save_business-event,201,Created,Thread Group 1-1,text,true,,354,427,1,1,http://api.webengage.net/v2/accounts/~2024b249/business/save-event,16,0,0
1597227950172,47,transaction_message,200,OK,Thread Group 1-1,text,true,,469,480,1,1,http://api.webengage.net/v2/accounts/~2024b249/experiments/~2ask2s2/transaction,47,0,0
1597227950772,6,save_user,201,Created,Thread Group 1-1,text,true,,334,515,1,1,http://api.webengage.net/v1/accounts/~2024b249/users,6,0,1
1597227951373,98,save_users_bulk,201,Created,Thread Group 1-1,text,true,,334,8295,1,1,http://api.webengage.net/v1/accounts/~2024b249/bulk-users,98,0,0
1597227951972,6,save_event,201,Created,Thread Group 1-1,text,true,,334,440,1,1,http://api.webengage.net/v1/accounts/~2024b249/events,6,0,0
1597227952572,18,save_events_bulk,201,Created,Thread Group 1-1,text,true,,334,5772,1,1,http://api.webengage.net/v1/accounts/~2024b249/bulk-events,18,0,0
1597227953173,16,save_business-event,201,Created,Thread Group 1-1,text,true,,354,427,1,1,http://api.webengage.net/v2/accounts/~2024b249/business/save-event,16,0,0
1597227953772,68,transaction_message,200,OK,Thread Group 1-1,text,true,,469,480,1,1,http://api.webengage.net/v2/accounts/~2024b249/experiments/~2ask2s2/transaction,68,0,0
1597227954373,6,save_user,201,Created,Thread Group 1-1,text,true,,334,515,1,1,http://api.webengage.net/v1/accounts/~2024b249/users,6,0,1
1597227954972,95,save_users_bulk,201,Created,Thread Group 1-1,text,true,,334,8295,1,1,http://api.webengage.net/v1/accounts/~2024b249/bulk-users,95,0,0
1597227955573,6,save_event,201,Created,Thread Group 1-1,text,true,,334,440,1,1,http://api.webengage.net/v1/accounts/~2024b249/events,5,0,0
1597227956173,16,save_events_bulk,201,Created,Thread Group 1-1,text,true,,334,5772,1,1,http://api.webengage.net/v1/accounts/~2024b249/bulk-events,16,0,0
1597227956772,17,save_business-event,201,Created,Thread Group 1-1,text,true,,354,427,1,1,http://api.webengage.net/v2/accounts/~2024b249/business/save-event,17,0,0
1597227957373,50,transaction_message,200,OK,Thread Group 1-1,text,true,,469,480,1,1,http://api.webengage.net/v2/accounts/~2024b249/experiments/~2ask2s2/transaction,50,0,0
1597227957973,6,save_user,201,Created,Thread Group 1-1,text,true,,334,515,1,1,http://api.webengage.net/v1/accounts/~2024b249/users,6,0,1
1597227958572,145,save_users_bulk,201,Created,Thread Group 1-1,text,true,,334,8295,1,1,http://api.webengage.net/v1/accounts/~2024b249/bulk-users,145,0,0
1597227959173,5,save_event,201,Created,Thread Group 1-1,text,true,,334,440,1,1,http://api.webengage.net/v1/accounts/~2024b249/events,5,0,0
1597227959773,18,save_events_bulk,201,Created,Thread Group 1-1,text,true,,334,5772,1,1,http://api.webengage.net/v1/accounts/~2024b249/bulk-events,18,0,0
1597227960372,32,save_business-event,201,Created,Thread Group 1-1,text,true,,354,427,1,1,http://api.webengage.net/v2/accounts/~2024b249/business/save-event,32,0,0
1597227960972,78,transaction_message,200,OK,Thread Group 1-1,text,true,,469,480,1,1,http://api.webengage.net/v2/accounts/~2024b249/experiments/~2ask2s2/transaction,78,0,0
1597227961573,6,save_user,201,Created,Thread Group 1-1,text,true,,334,515,1,1,http://api.webengage.net/v1/accounts/~2024b249/users,6,0,1
1597227962172,104,save_users_bulk,201,Created,Thread Group 1-1,text,true,,334,8295,1,1,http://api.webengage.net/v1/accounts/~2024b249/bulk-users,103,0,0
1597227962772,6,save_event,201,Created,Thread Group 1-1,text,true,,334,440,1,1,http://api.webengage.net/v1/accounts/~2024b249/events,6,0,0
1597227963373,17,save_events_bulk,201,Created,Thread Group 1-1,text,true,,334,5772,1,1,http://api.webengage.net/v1/accounts/~2024b249/bulk-events,17,0,0
1597227963973,17,save_business-event,201,Created,Thread Group 1-1,text,true,,354,427,1,1,http://api.webengage.net/v2/accounts/~2024b249/business/save-event,17,0,0
1597227964572,48,transaction_message,200,OK,Thread Group 1-1,text,true,,469,480,1,1,http://api.webengage.net/v2/accounts/~2024b249/experiments/~2ask2s2/transaction,48,0,0
1597227965173,7,save_user,201,Created,Thread Group 1-1,text,true,,334,515,1,1,http://api.webengage.net/v1/accounts/~2024b249/users,6,0,1
1597227965772,126,save_users_bulk,201,Created,Thread Group 1-1,text,true,,334,8295,1,1,http://api.webengage.net/v1/accounts/~2024b249/bulk-users,126,0,0
1597227966372,7,save_event,201,Created,Thread Group 1-1,text,true,,334,440,1,1,http://api.webengage.net/v1/accounts/~2024b249/events,7,0,0
1597227966973,21,save_events_bulk,201,Created,Thread Group 1-1,text,true,,334,5772,1,1,http://api.webengage.net/v1/accounts/~2024b249/bulk-events,21,0,0
1597227967573,18,save_business-event,201,Created,Thread Group 1-1,text,true,,354,427,1,1,http://api.webengage.net/v2/accounts/~2024b249/business/save-event,17,0,0
1597227968172,52,transaction_message,200,OK,Thread Group 1-1,text,true,,469,480,1,1,http://api.webengage.net/v2/accounts/~2024b249/experiments/~2ask2s2/transaction,51,0,0
1597227968773,6,save_user,201,Created,Thread Group 1-1,text,true,,334,515,1,1,http://api.webengage.net/v1/accounts/~2024b249/users,6,0,1
1597227969373,104,save_users_bulk,201,Created,Thread Group 1-1,text,true,,334,8295,1,1,http://api.webengage.net/v1/accounts/~2024b249/bulk-users,104,0,0
1597227969972,6,save_event,201,Created,Thread Group 1-1,text,true,,334,440,1,1,http://api.webengage.net/v1/accounts/~2024b249/events,6,0,0
1597227970572,17,save_events_bulk,201,Created,Thread Group 1-1,text,true,,334,5772,1,1,http://api.webengage.net/v1/accounts/~2024b249/bulk-events,17,0,0
1597227971172,18,save_business-event,201,Created,Thread Group 1-1,text,true,,354,427,1,1,http://api.webengage.net/v2/accounts/~2024b249/business/save-event,18,0,0
1597227971771,48,transaction_message,200,OK,Thread Group 1-1,text,true,,469,480,1,1,http://api.webengage.net/v2/accounts/~2024b249/experiments/~2ask2s2/transaction,48,0,0
1597227972372,6,save_user,201,Created,Thread Group 1-1,text,true,,334,515,1,1,http://api.webengage.net/v1/accounts/~2024b249/users,6,0,1
1597227972971,99,save_users_bulk,201,Created,Thread Group 1-1,text,true,,334,8295,1,1,http://api.webengage.net/v1/accounts/~2024b249/bulk-users,98,0,0
1597227973571,6,save_event,201,Created,Thread Group 1-1,text,true,,334,440,1,1,http://api.webengage.net/v1/accounts/~2024b249/events,6,0,0
1597227974172,20,save_events_bulk,201,Created,Thread Group 1-1,text,true,,334,5772,1,1,http://api.webengage.net/v1/accounts/~2024b249/bulk-events,19,0,0
1597227974772,17,save_business-event,201,Created,Thread Group 1-1,text,true,,354,427,1,1,http://api.webengage.net/v2/accounts/~2024b249/business/save-event,17,0,0
1597227975372,44,transaction_message,200,OK,Thread Group 1-1,text,true,,469,480,1,1,http://api.webengage.net/v2/accounts/~2024b249/experiments/~2ask2s2/transaction,44,0,0
1597227975971,6,save_user,201,Created,Thread Group 1-1,text,true,,334,515,1,1,http://api.webengage.net/v1/accounts/~2024b249/users,6,0,1
1597227976572,98,save_users_bulk,201,Created,Thread Group 1-1,text,true,,334,8295,1,1,http://api.webengage.net/v1/accounts/~2024b249/bulk-users,97,0,0
1597227977173,5,save_event,201,Created,Thread Group 1-1,text,true,,334,440,1,1,http://api.webengage.net/v1/accounts/~2024b249/events,5,0,0
1597227977773,15,save_events_bulk,201,Created,Thread Group 1-1,text,true,,334,5772,1,1,http://api.webengage.net/v1/accounts/~2024b249/bulk-events,15,0,0
1597227978372,17,save_business-event,201,Created,Thread Group 1-1,text,true,,354,427,1,1,http://api.webengage.net/v2/accounts/~2024b249/business/save-event,17,0,0
1597227978973,53,transaction_message,200,OK,Thread Group 1-1,text,true,,469,480,1,1,http://api.webengage.net/v2/accounts/~2024b249/experiments/~2ask2s2/transaction,53,0,0
1597227979573,9,save_user,201,Created,Thread Group 1-1,text,true,,334,515,1,1,http://api.webengage.net/v1/accounts/~2024b249/users,9,0,1
1597227980172,95,save_users_bulk,201,Created,Thread Group 1-1,text,true,,334,8295,1,1,http://api.webengage.net/v1/accounts/~2024b249/bulk-users,95,0,0
1597227980772,8,save_event,201,Created,Thread Group 1-1,text,true,,334,440,1,1,http://api.webengage.net/v1/accounts/~2024b249/events,8,0,0
1597227981373,19,save_events_bulk,201,Created,Thread Group 1-1,text,true,,334,5772,1,1,http://api.webengage.net/v1/accounts/~2024b249/bulk-events,19,0,0
1597227981973,15,save_business-event,201,Created,Thread Group 1-1,text,true,,354,427,1,1,http://api.webengage.net/v2/accounts/~2024b249/business/save-event,15,0,0
1597227982572,54,transaction_message,200,OK,Thread Group 1-1,text,true,,469,480,1,1,http://api.webengage.net/v2/accounts/~2024b249/experiments/~2ask2s2/transaction,53,0,0
1597227983173,6,save_user,201,Created,Thread Group 1-1,text,true,,334,515,1,1,http://api.webengage.net/v1/accounts/~2024b249/users,6,0,1
1597227983772,93,save_users_bulk,201,Created,Thread Group 1-1,text,true,,334,8295,1,1,http://api.webengage.net/v1/accounts/~2024b249/bulk-users,93,0,0
1597227984373,5,save_event,201,Created,Thread Group 1-1,text,true,,334,440,1,1,http://api.webengage.net/v1/accounts/~2024b249/events,5,0,0
1597227984973,15,save_events_bulk,201,Created,Thread Group 1-1,text,true,,334,5772,1,1,http://api.webengage.net/v1/accounts/~2024b249/bulk-events,15,0,0
1597227985573,16,save_business-event,201,Created,Thread Group 1-1,text,true,,354,427,1,1,http://api.webengage.net/v2/accounts/~2024b249/business/save-event,15,0,0
1597227986173,56,transaction_message,200,OK,Thread Group 1-1,text,true,,469,480,1,1,http://api.webengage.net/v2/accounts/~2024b249/experiments/~2ask2s2/transaction,56,0,0
1597227986773,5,save_user,201,Created,Thread Group 1-1,text,true,,334,515,1,1,http://api.webengage.net/v1/accounts/~2024b249/users,5,0,0
1597227987373,119,save_users_bulk,201,Created,Thread Group 1-1,text,true,,334,8295,1,1,http://api.webengage.net/v1/accounts/~2024b249/bulk-users,119,0,0
1597227987972,6,save_event,201,Created,Thread Group 1-1,text,true,,334,440,1,1,http://api.webengage.net/v1/accounts/~2024b249/events,6,0,0
1597227988573,15,save_events_bulk,201,Created,Thread Group 1-1,text,true,,334,5772,1,1,http://api.webengage.net/v1/accounts/~2024b249/bulk-events,15,0,0
1597227989172,18,save_business-event,201,Created,Thread Group 1-1,text,true,,354,427,1,1,http://api.webengage.net/v2/accounts/~2024b249/business/save-event,18,0,0
1597227989772,56,transaction_message,200,OK,Thread Group 1-1,text,true,,469,480,1,1,http://api.webengage.net/v2/accounts/~2024b249/experiments/~2ask2s2/transaction,55,0,0
1597227990372,7,save_user,201,Created,Thread Group 1-1,text,true,,334,515,1,1,http://api.webengage.net/v1/accounts/~2024b249/users,6,0,1
1597227990972,97,save_users_bulk,201,Created,Thread Group 1-1,text,true,,334,8295,1,1,http://api.webengage.net/v1/accounts/~2024b249/bulk-users,97,0,0
1597227991572,7,save_event,201,Created,Thread Group 1-1,text,true,,334,440,1,1,http://api.webengage.net/v1/accounts/~2024b249/events,7,0,0
1597227992172,16,save_events_bulk,201,Created,Thread Group 1-1,text,true,,334,5772,1,1,http://api.webengage.net/v1/accounts/~2024b249/bulk-events,16,0,0
1597227992773,16,save_business-event,201,Created,Thread Group 1-1,text,true,,354,427,1,1,http://api.webengage.net/v2/accounts/~2024b249/business/save-event,16,0,0
1597227993372,77,transaction_message,200,OK,Thread Group 1-1,text,true,,469,480,1,1,http://api.webengage.net/v2/accounts/~2024b249/experiments/~2ask2s2/transaction,77,0,0
1597227993973,5,save_user,201,Created,Thread Group 1-1,text,true,,334,515,1,1,http://api.webengage.net/v1/accounts/~2024b249/users,5,0,0
1597227994572,98,save_users_bulk,201,Created,Thread Group 1-1,text,true,,334,8295,1,1,http://api.webengage.net/v1/accounts/~2024b249/bulk-users,98,0,0
1597227995172,6,save_event,201,Created,Thread Group 1-1,text,true,,334,440,1,1,http://api.webengage.net/v1/accounts/~2024b249/events,5,0,0
1597227995773,17,save_events_bulk,201,Created,Thread Group 1-1,text,true,,334,5772,1,1,http://api.webengage.net/v1/accounts/~2024b249/bulk-events,16,0,0
1597227996373,15,save_business-event,201,Created,Thread Group 1-1,text,true,,354,427,1,1,http://api.webengage.net/v2/accounts/~2024b249/business/save-event,15,0,0
1597227996973,51,transaction_message,200,OK,Thread Group 1-1,text,true,,469,480,1,1,http://api.webengage.net/v2/accounts/~2024b249/experiments/~2ask2s2/transaction,51,0,0
1597227997573,6,save_user,201,Created,Thread Group 1-1,text,true,,334,515,1,1,http://api.webengage.net/v1/accounts/~2024b249/users,6,0,1
1597227998172,94,save_users_bulk,201,Created,Thread Group 1-1,text,true,,334,8295,1,1,http://api.webengage.net/v1/accounts/~2024b249/bulk-users,94,0,0
1597227998772,11,save_event,201,Created,Thread Group 1-1,text,true,,334,440,1,1,http://api.webengage.net/v1/accounts/~2024b249/events,11,0,0
1597227999372,23,save_events_bulk,201,Created,Thread Group 1-1,text,true,,334,5772,1,1,http://api.webengage.net/v1/accounts/~2024b249/bulk-events,23,0,0
1597227999972,16,save_business-event,201,Created,Thread Group 1-1,text,true,,354,427,1,1,http://api.webengage.net/v2/accounts/~2024b249/business/save-event,16,0,0
1597228000573,56,transaction_message,200,OK,Thread Group 1-1,text,true,,469,480,1,1,http://api.webengage.net/v2/accounts/~2024b249/experiments/~2ask2s2/transaction,56,0,0
1597228001173,5,save_user,201,Created,Thread Group 1-1,text,true,,334,515,1,1,http://api.webengage.net/v1/accounts/~2024b249/users,5,0,0
1597228001771,95,save_users_bulk,201,Created,Thread Group 1-1,text,true,,334,8295,1,1,http://api.webengage.net/v1/accounts/~2024b249/bulk-users,95,0,0
1597228002371,6,save_event,201,Created,Thread Group 1-1,text,true,,334,440,1,1,http://api.webengage.net/v1/accounts/~2024b249/events,6,0,0
1597228002971,16,save_events_bulk,201,Created,Thread Group 1-1,text,true,,334,5772,1,1,http://api.webengage.net/v1/accounts/~2024b249/bulk-events,16,0,0
1597228003571,17,save_business-event,201,Created,Thread Group 1-1,text,true,,354,427,1,1,http://api.webengage.net/v2/accounts/~2024b249/business/save-event,17,0,0
1597228004171,47,transaction_message,200,OK,Thread Group 1-1,text,true,,469,480,1,1,http://api.webengage.net/v2/accounts/~2024b249/experiments/~2ask2s2/transaction,46,0,0
1597228004772,6,save_user,201,Created,Thread Group 1-1,text,true,,334,515,1,1,http://api.webengage.net/v1/accounts/~2024b249/users,6,0,1
1597228005372,102,save_users_bulk,201,Created,Thread Group 1-1,text,true,,334,8295,1,1,http://api.webengage.net/v1/accounts/~2024b249/bulk-users,102,0,0
1597228005971,6,save_event,201,Created,Thread Group 1-1,text,true,,334,440,1,1,http://api.webengage.net/v1/accounts/~2024b249/events,6,0,0
1597228006572,19,save_events_bulk,201,Created,Thread Group 1-1,text,true,,334,5772,1,1,http://api.webengage.net/v1/accounts/~2024b249/bulk-events,19,0,0
1597228007173,16,save_business-event,201,Created,Thread Group 1-1,text,true,,354,427,1,1,http://api.webengage.net/v2/accounts/~2024b249/business/save-event,16,0,0
1597228007773,53,transaction_message,200,OK,Thread Group 1-1,text,true,,469,480,1,1,http://api.webengage.net/v2/accounts/~2024b249/experiments/~2ask2s2/transaction,52,0,0
1597228008373,6,save_user,201,Created,Thread Group 1-1,text,true,,334,515,1,1,http://api.webengage.net/v1/accounts/~2024b249/users,6,0,1
1597228008973,89,save_users_bulk,201,Created,Thread Group 1-1,text,true,,334,8295,1,1,http://api.webengage.net/v1/accounts/~2024b249/bulk-users,89,0,0
1597228009573,6,save_event,201,Created,Thread Group 1-1,text,true,,334,440,1,1,http://api.webengage.net/v1/accounts/~2024b249/events,5,0,0
1597228010173,16,save_events_bulk,201,Created,Thread Group 1-1,text,true,,334,5772,1,1,http://api.webengage.net/v1/accounts/~2024b249/bulk-events,16,0,0
1597228010772,26,save_business-event,201,Created,Thread Group 1-1,text,true,,354,427,1,1,http://api.webengage.net/v2/accounts/~2024b249/business/save-event,26,0,0
1597228011372,51,transaction_message,200,OK,Thread Group 1-1,text,true,,469,480,1,1,http://api.webengage.net/v2/accounts/~2024b249/experiments/~2ask2s2/transaction,51,0,0
1597228011972,6,save_user,201,Created,Thread Group 1-1,text,true,,334,515,1,1,http://api.webengage.net/v1/accounts/~2024b249/users,6,0,1
1597228012572,95,save_users_bulk,201,Created,Thread Group 1-1,text,true,,334,8295,1,1,http://api.webengage.net/v1/accounts/~2024b249/bulk-users,95,0,0
1597228013173,7,save_event,201,Created,Thread Group 1-1,text,true,,334,440,1,1,http://api.webengage.net/v1/accounts/~2024b249/events,7,0,0
1597228013773,16,save_events_bulk,201,Created,Thread Group 1-1,text,true,,334,5772,1,1,http://api.webengage.net/v1/accounts/~2024b249/bulk-events,15,0,0
1597228014373,16,save_business-event,201,Created,Thread Group 1-1,text,true,,354,427,1,1,http://api.webengage.net/v2/accounts/~2024b249/business/save-event,16,0,0
1597228014973,62,transaction_message,200,OK,Thread Group 1-1,text,true,,469,480,1,1,http://api.webengage.net/v2/accounts/~2024b249/experiments/~2ask2s2/transaction,61,0,0
1597228015573,6,save_user,201,Created,Thread Group 1-1,text,true,,334,515,1,1,http://api.webengage.net/v1/accounts/~2024b249/users,6,0,1
1597228016172,96,save_users_bulk,201,Created,Thread Group 1-1,text,true,,334,8295,1,1,http://api.webengage.net/v1/accounts/~2024b249/bulk-users,96,0,0
1597228016773,6,save_event,201,Created,Thread Group 1-1,text,true,,334,440,1,1,http://api.webengage.net/v1/accounts/~2024b249/events,6,0,0
1597228017372,15,save_events_bulk,201,Created,Thread Group 1-1,text,true,,334,5772,1,1,http://api.webengage.net/v1/accounts/~2024b249/bulk-events,15,0,0
1597228017973,19,save_business-event,201,Created,Thread Group 1-1,text,true,,354,427,1,1,http://api.webengage.net/v2/accounts/~2024b249/business/save-event,18,0,0
1597228018572,62,transaction_message,200,OK,Thread Group 1-1,text,true,,469,480,1,1,http://api.webengage.net/v2/accounts/~2024b249/experiments/~2ask2s2/transaction,62,0,0
1597228019173,6,save_user,201,Created,Thread Group 1-1,text,true,,334,515,1,1,http://api.webengage.net/v1/accounts/~2024b249/users,5,0,1
1597228019772,86,save_users_bulk,201,Created,Thread Group 1-1,text,true,,334,8295,1,1,http://api.webengage.net/v1/accounts/~2024b249/bulk-users,86,0,0
1597228020372,6,save_event,201,Created,Thread Group 1-1,text,true,,334,440,1,1,http://api.webengage.net/v1/accounts/~2024b249/events,6,0,0
1597228020973,15,save_events_bulk,201,Created,Thread Group 1-1,text,true,,334,5772,1,1,http://api.webengage.net/v1/accounts/~2024b249/bulk-events,15,0,0
1597228021573,19,save_business-event,201,Created,Thread Group 1-1,text,true,,354,427,1,1,http://api.webengage.net/v2/accounts/~2024b249/business/save-event,19,0,0
1597228022172,50,transaction_message,200,OK,Thread Group 1-1,text,true,,469,480,1,1,http://api.webengage.net/v2/accounts/~2024b249/experiments/~2ask2s2/transaction,49,0,0
1597228022773,5,save_user,201,Created,Thread Group 1-1,text,true,,334,515,1,1,http://api.webengage.net/v1/accounts/~2024b249/users,5,0,0
1597228023373,101,save_users_bulk,201,Created,Thread Group 1-1,text,true,,334,8295,1,1,http://api.webengage.net/v1/accounts/~2024b249/bulk-users,101,0,0
1597228023973,5,save_event,201,Created,Thread Group 1-1,text,true,,334,440,1,1,http://api.webengage.net/v1/accounts/~2024b249/events,5,0,0
1597228024572,20,save_events_bulk,201,Created,Thread Group 1-1,text,true,,334,5772,1,1,http://api.webengage.net/v1/accounts/~2024b249/bulk-events,20,0,0
1597228025173,17,save_business-event,201,Created,Thread Group 1-1,text,true,,354,427,1,1,http://api.webengage.net/v2/accounts/~2024b249/business/save-event,17,0,0
1597228025773,56,transaction_message,200,OK,Thread Group 1-1,text,true,,469,480,1,1,http://api.webengage.net/v2/accounts/~2024b249/experiments/~2ask2s2/transaction,55,0,0
1597228026375,8,save_user,201,Created,Thread Group 1-1,text,true,,334,515,1,1,http://api.webengage.net/v1/accounts/~2024b249/users,7,0,1
1597228026973,92,save_users_bulk,201,Created,Thread Group 1-1,text,true,,334,8295,1,1,http://api.webengage.net/v1/accounts/~2024b249/bulk-users,92,0,0
1597228027572,6,save_event,201,Created,Thread Group 1-1,text,true,,334,440,1,1,http://api.webengage.net/v1/accounts/~2024b249/events,6,0,0
1597228028172,17,save_events_bulk,201,Created,Thread Group 1-1,text,true,,334,5772,1,1,http://api.webengage.net/v1/accounts/~2024b249/bulk-events,17,0,0
1597228028772,19,save_business-event,201,Created,Thread Group 1-1,text,true,,354,427,1,1,http://api.webengage.net/v2/accounts/~2024b249/business/save-event,18,0,0
1597228029373,48,transaction_message,200,OK,Thread Group 1-1,text,true,,469,480,1,1,http://api.webengage.net/v2/accounts/~2024b249/experiments/~2ask2s2/transaction,48,0,0
1597228029972,6,save_user,201,Created,Thread Group 1-1,text,true,,334,515,1,1,http://api.webengage.net/v1/accounts/~2024b249/users,6,0,1
1597228030572,91,save_users_bulk,201,Created,Thread Group 1-1,text,true,,334,8295,1,1,http://api.webengage.net/v1/accounts/~2024b249/bulk-users,91,0,0
1597228031172,6,save_event,201,Created,Thread Group 1-1,text,true,,334,440,1,1,http://api.webengage.net/v1/accounts/~2024b249/events,6,0,0
1597228031772,15,save_events_bulk,201,Created,Thread Group 1-1,text,true,,334,5772,1,1,http://api.webengage.net/v1/accounts/~2024b249/bulk-events,14,0,0
1597228032372,16,save_business-event,201,Created,Thread Group 1-1,text,true,,354,427,1,1,http://api.webengage.net/v2/accounts/~2024b249/business/save-event,16,0,0
1597228032971,58,transaction_message,200,OK,Thread Group 1-1,text,true,,469,480,1,1,http://api.webengage.net/v2/accounts/~2024b249/experiments/~2ask2s2/transaction,58,0,0
1597228033572,6,save_user,201,Created,Thread Group 1-1,text,true,,334,515,1,1,http://api.webengage.net/v1/accounts/~2024b249/users,5,0,0
1597228034172,101,save_users_bulk,201,Created,Thread Group 1-1,text,true,,334,8295,1,1,http://api.webengage.net/v1/accounts/~2024b249/bulk-users,101,0,0
1597228034772,5,save_event,201,Created,Thread Group 1-1,text,true,,334,440,1,1,http://api.webengage.net/v1/accounts/~2024b249/events,5,0,0
1597228035372,15,save_events_bulk,201,Created,Thread Group 1-1,text,true,,334,5772,1,1,http://api.webengage.net/v1/accounts/~2024b249/bulk-events,15,0,0
1597228035971,17,save_business-event,201,Created,Thread Group 1-1,text,true,,354,427,1,1,http://api.webengage.net/v2/accounts/~2024b249/business/save-event,16,0,0
1597228036572,44,transaction_message,200,OK,Thread Group 1-1,text,true,,469,480,1,1,http://api.webengage.net/v2/accounts/~2024b249/experiments/~2ask2s2/transaction,44,0,0
1597228037173,5,save_user,201,Created,Thread Group 1-1,text,true,,334,515,1,1,http://api.webengage.net/v1/accounts/~2024b249/users,5,0,1
1597228037773,108,save_users_bulk,201,Created,Thread Group 1-1,text,true,,334,8295,1,1,http://api.webengage.net/v1/accounts/~2024b249/bulk-users,108,0,0
1597228038373,5,save_event,201,Created,Thread Group 1-1,text,true,,334,440,1,1,http://api.webengage.net/v1/accounts/~2024b249/events,5,0,0
1597228038972,16,save_events_bulk,201,Created,Thread Group 1-1,text,true,,334,5772,1,1,http://api.webengage.net/v1/accounts/~2024b249/bulk-events,16,0,0
1597228039572,17,save_business-event,201,Created,Thread Group 1-1,text,true,,354,427,1,1,http://api.webengage.net/v2/accounts/~2024b249/business/save-event,17,0,0
1597228040172,52,transaction_message,200,OK,Thread Group 1-1,text,true,,469,480,1,1,http://api.webengage.net/v2/accounts/~2024b249/experiments/~2ask2s2/transaction,51,0,0
1597228040773,7,save_user,201,Created,Thread Group 1-1,text,true,,334,515,1,1,http://api.webengage.net/v1/accounts/~2024b249/users,6,0,1
1597228041373,404,save_users_bulk,201,Created,Thread Group 1-1,text,true,,334,8295,1,1,http://api.webengage.net/v1/accounts/~2024b249/bulk-users,404,0,0
1597228041973,5,save_event,201,Created,Thread Group 1-1,text,true,,334,440,1,1,http://api.webengage.net/v1/accounts/~2024b249/events,5,0,0
1597228042572,15,save_events_bulk,201,Created,Thread Group 1-1,text,true,,334,5772,1,1,http://api.webengage.net/v1/accounts/~2024b249/bulk-events,15,0,0
1597228043173,19,save_business-event,201,Created,Thread Group 1-1,text,true,,354,427,1,1,http://api.webengage.net/v2/accounts/~2024b249/business/save-event,18,0,0
1597228043773,47,transaction_message,200,OK,Thread Group 1-1,text,true,,469,480,1,1,http://api.webengage.net/v2/accounts/~2024b249/experiments/~2ask2s2/transaction,47,0,0
1597228044372,6,save_user,201,Created,Thread Group 1-1,text,true,,334,515,1,1,http://api.webengage.net/v1/accounts/~2024b249/users,6,0,1
1597228044972,92,save_users_bulk,201,Created,Thread Group 1-1,text,true,,334,8295,1,1,http://api.webengage.net/v1/accounts/~2024b249/bulk-users,92,0,0
1597228045573,5,save_event,201,Created,Thread Group 1-1,text,true,,334,440,1,1,http://api.webengage.net/v1/accounts/~2024b249/events,5,0,0
1597228046173,15,save_events_bulk,201,Created,Thread Group 1-1,text,true,,334,5772,1,1,http://api.webengage.net/v1/accounts/~2024b249/bulk-events,15,0,0
1597228046772,17,save_business-event,201,Created,Thread Group 1-1,text,true,,354,427,1,1,http://api.webengage.net/v2/accounts/~2024b249/business/save-event,17,0,0
1597228047373,48,transaction_message,200,OK,Thread Group 1-1,text,true,,469,480,1,1,http://api.webengage.net/v2/accounts/~2024b249/experiments/~2ask2s2/transaction,48,0,0
1597228047973,6,save_user,201,Created,Thread Group 1-1,text,true,,334,515,1,1,http://api.webengage.net/v1/accounts/~2024b249/users,6,0,1
1597228048572,89,save_users_bulk,201,Created,Thread Group 1-1,text,true,,334,8295,1,1,http://api.webengage.net/v1/accounts/~2024b249/bulk-users,89,0,0
1597228049173,5,save_event,201,Created,Thread Group 1-1,text,true,,334,440,1,1,http://api.webengage.net/v1/accounts/~2024b249/events,5,0,0
1597228049772,16,save_events_bulk,201,Created,Thread Group 1-1,text,true,,334,5772,1,1,http://api.webengage.net/v1/accounts/~2024b249/bulk-events,16,0,0
1597228050373,17,save_business-event,201,Created,Thread Group 1-1,text,true,,354,427,1,1,http://api.webengage.net/v2/accounts/~2024b249/business/save-event,17,0,0
1597228050973,48,transaction_message,200,OK,Thread Group 1-1,text,true,,469,480,1,1,http://api.webengage.net/v2/accounts/~2024b249/experiments/~2ask2s2/transaction,48,0,0
1597228051573,6,save_user,201,Created,Thread Group 1-1,text,true,,334,515,1,1,http://api.webengage.net/v1/accounts/~2024b249/users,6,0,1
1597228052173,92,save_users_bulk,201,Created,Thread Group 1-1,text,true,,334,8295,1,1,http://api.webengage.net/v1/accounts/~2024b249/bulk-users,92,0,0
1597228052773,5,save_event,201,Created,Thread Group 1-1,text,true,,334,440,1,1,http://api.webengage.net/v1/accounts/~2024b249/events,5,0,0
1597228053373,15,save_events_bulk,201,Created,Thread Group 1-1,text,true,,334,5772,1,1,http://api.webengage.net/v1/accounts/~2024b249/bulk-events,15,0,0
1597228053972,17,save_business-event,201,Created,Thread Group 1-1,text,true,,354,427,1,1,http://api.webengage.net/v2/accounts/~2024b249/business/save-event,16,0,0
1597228054573,47,transaction_message,200,OK,Thread Group 1-1,text,true,,469,480,1,1,http://api.webengage.net/v2/accounts/~2024b249/experiments/~2ask2s2/transaction,47,0,0
1597228055173,6,save_user,201,Created,Thread Group 1-1,text,true,,334,515,1,1,http://api.webengage.net/v1/accounts/~2024b249/users,6,0,1
1597228055772,94,save_users_bulk,201,Created,Thread Group 1-1,text,true,,334,8295,1,1,http://api.webengage.net/v1/accounts/~2024b249/bulk-users,94,0,0
1597228056373,5,save_event,201,Created,Thread Group 1-1,text,true,,334,440,1,1,http://api.webengage.net/v1/accounts/~2024b249/events,5,0,0
1597228056972,16,save_events_bulk,201,Created,Thread Group 1-1,text,true,,334,5772,1,1,http://api.webengage.net/v1/accounts/~2024b249/bulk-events,16,0,0
1597228057573,35,save_business-event,201,Created,Thread Group 1-1,text,true,,354,427,1,1,http://api.webengage.net/v2/accounts/~2024b249/business/save-event,35,0,0
1597228058173,48,transaction_message,200,OK,Thread Group 1-1,text,true,,469,480,1,1,http://api.webengage.net/v2/accounts/~2024b249/experiments/~2ask2s2/transaction,48,0,0
1597228058773,5,save_user,201,Created,Thread Group 1-1,text,true,,334,515,1,1,http://api.webengage.net/v1/accounts/~2024b249/users,5,0,0
1597228059372,95,save_users_bulk,201,Created,Thread Group 1-1,text,true,,334,8295,1,1,http://api.webengage.net/v1/accounts/~2024b249/bulk-users,95,0,0
1597228059972,6,save_event,201,Created,Thread Group 1-1,text,true,,334,440,1,1,http://api.webengage.net/v1/accounts/~2024b249/events,6,0,0
1597228060573,16,save_events_bulk,201,Created,Thread Group 1-1,text,true,,334,5772,1,1,http://api.webengage.net/v1/accounts/~2024b249/bulk-events,16,0,0
1597228061173,16,save_business-event,201,Created,Thread Group 1-1,text,true,,354,427,1,1,http://api.webengage.net/v2/accounts/~2024b249/business/save-event,16,0,0
1597228061771,47,transaction_message,200,OK,Thread Group 1-1,text,true,,469,480,1,1,http://api.webengage.net/v2/accounts/~2024b249/experiments/~2ask2s2/transaction,46,0,0
1597228062371,6,save_user,201,Created,Thread Group 1-1,text,true,,334,515,1,1,http://api.webengage.net/v1/accounts/~2024b249/users,6,0,1
1597228062972,95,save_users_bulk,201,Created,Thread Group 1-1,text,true,,334,8295,1,1,http://api.webengage.net/v1/accounts/~2024b249/bulk-users,95,0,0
1597228063572,5,save_event,201,Created,Thread Group 1-1,text,true,,334,440,1,1,http://api.webengage.net/v1/accounts/~2024b249/events,5,0,0
1597228064172,15,save_events_bulk,201,Created,Thread Group 1-1,text,true,,334,5772,1,1,http://api.webengage.net/v1/accounts/~2024b249/bulk-events,15,0,0
1597228064771,16,save_business-event,201,Created,Thread Group 1-1,text,true,,354,427,1,1,http://api.webengage.net/v2/accounts/~2024b249/business/save-event,16,0,0
1597228065371,46,transaction_message,200,OK,Thread Group 1-1,text,true,,469,480,1,1,http://api.webengage.net/v2/accounts/~2024b249/experiments/~2ask2s2/transaction,46,0,0
1597228065972,6,save_user,201,Created,Thread Group 1-1,text,true,,334,515,1,1,http://api.webengage.net/v1/accounts/~2024b249/users,6,0,1
1597228066572,114,save_users_bulk,201,Created,Thread Group 1-1,text,true,,334,8295,1,1,http://api.webengage.net/v1/accounts/~2024b249/bulk-users,114,0,0
1597228067173,15,save_event,201,Created,Thread Group 1-1,text,true,,334,440,1,1,http://api.webengage.net/v1/accounts/~2024b249/events,14,0,0
1597228067773,23,save_events_bulk,201,Created,Thread Group 1-1,text,true,,334,5772,1,1,http://api.webengage.net/v1/accounts/~2024b249/bulk-events,23,0,0
1597228068372,17,save_business-event,201,Created,Thread Group 1-1,text,true,,354,427,1,1,http://api.webengage.net/v2/accounts/~2024b249/business/save-event,17,0,0
1597228068973,46,transaction_message,200,OK,Thread Group 1-1,text,true,,469,480,1,1,http://api.webengage.net/v2/accounts/~2024b249/experiments/~2ask2s2/transaction,46,0,0
1597228069573,5,save_user,201,Created,Thread Group 1-1,text,true,,334,515,1,1,http://api.webengage.net/v1/accounts/~2024b249/users,5,0,0
1597228070173,89,save_users_bulk,201,Created,Thread Group 1-1,text,true,,334,8295,1,1,http://api.webengage.net/v1/accounts/~2024b249/bulk-users,88,0,0
1597228070773,6,save_event,201,Created,Thread Group 1-1,text,true,,334,440,1,1,http://api.webengage.net/v1/accounts/~2024b249/events,5,0,0
1597228071373,15,save_events_bulk,201,Created,Thread Group 1-1,text,true,,334,5772,1,1,http://api.webengage.net/v1/accounts/~2024b249/bulk-events,14,0,0
1597228071973,25,save_business-event,201,Created,Thread Group 1-1,text,true,,354,427,1,1,http://api.webengage.net/v2/accounts/~2024b249/business/save-event,23,0,0
1597228072572,53,transaction_message,200,OK,Thread Group 1-1,text,true,,469,480,1,1,http://api.webengage.net/v2/accounts/~2024b249/experiments/~2ask2s2/transaction,52,0,0
1597228073173,6,save_user,201,Created,Thread Group 1-1,text,true,,334,515,1,1,http://api.webengage.net/v1/accounts/~2024b249/users,5,0,1
1597228073773,91,save_users_bulk,201,Created,Thread Group 1-1,text,true,,334,8295,1,1,http://api.webengage.net/v1/accounts/~2024b249/bulk-users,91,0,0
1597228074372,6,save_event,201,Created,Thread Group 1-1,text,true,,334,440,1,1,http://api.webengage.net/v1/accounts/~2024b249/events,6,0,0
1597228074972,16,save_events_bulk,201,Created,Thread Group 1-1,text,true,,334,5772,1,1,http://api.webengage.net/v1/accounts/~2024b249/bulk-events,16,0,0
1597228075573,19,save_business-event,201,Created,Thread Group 1-1,text,true,,354,427,1,1,http://api.webengage.net/v2/accounts/~2024b249/business/save-event,18,0,0
1597228076172,45,transaction_message,200,OK,Thread Group 1-1,text,true,,469,480,1,1,http://api.webengage.net/v2/accounts/~2024b249/experiments/~2ask2s2/transaction,45,0,0
1597228076773,6,save_user,201,Created,Thread Group 1-1,text,true,,334,515,1,1,http://api.webengage.net/v1/accounts/~2024b249/users,6,0,1
1597228077372,89,save_users_bulk,201,Created,Thread Group 1-1,text,true,,334,8295,1,1,http://api.webengage.net/v1/accounts/~2024b249/bulk-users,89,0,0
1597228077972,6,save_event,201,Created,Thread Group 1-1,text,true,,334,440,1,1,http://api.webengage.net/v1/accounts/~2024b249/events,6,0,0
1597228078572,15,save_events_bulk,201,Created,Thread Group 1-1,text,true,,334,5772,1,1,http://api.webengage.net/v1/accounts/~2024b249/bulk-events,15,0,0
1597228079173,15,save_business-event,201,Created,Thread Group 1-1,text,true,,354,427,1,1,http://api.webengage.net/v2/accounts/~2024b249/business/save-event,15,0,0
1597228079772,90,transaction_message,200,OK,Thread Group 1-1,text,true,,469,480,1,1,http://api.webengage.net/v2/accounts/~2024b249/experiments/~2ask2s2/transaction,89,0,0
1597228080373,6,save_user,201,Created,Thread Group 1-1,text,true,,334,515,1,1,http://api.webengage.net/v1/accounts/~2024b249/users,6,0,1
1597228080973,226,save_users_bulk,201,Created,Thread Group 1-1,text,true,,334,8295,1,1,http://api.webengage.net/v1/accounts/~2024b249/bulk-users,225,0,0
1597228081573,6,save_event,201,Created,Thread Group 1-1,text,true,,334,440,1,1,http://api.webengage.net/v1/accounts/~2024b249/events,5,0,0
1597228082173,16,save_events_bulk,201,Created,Thread Group 1-1,text,true,,334,5772,1,1,http://api.webengage.net/v1/accounts/~2024b249/bulk-events,16,0,0
1597228082772,18,save_business-event,201,Created,Thread Group 1-1,text,true,,354,427,1,1,http://api.webengage.net/v2/accounts/~2024b249/business/save-event,17,0,0
1597228083373,46,transaction_message,200,OK,Thread Group 1-1,text,true,,469,480,1,1,http://api.webengage.net/v2/accounts/~2024b249/experiments/~2ask2s2/transaction,46,0,0
1597228083972,7,save_user,201,Created,Thread Group 1-1,text,true,,334,515,1,1,http://api.webengage.net/v1/accounts/~2024b249/users,7,0,1
1597228084572,87,save_users_bulk,201,Created,Thread Group 1-1,text,true,,334,8295,1,1,http://api.webengage.net/v1/accounts/~2024b249/bulk-users,86,0,0
1597228085172,6,save_event,201,Created,Thread Group 1-1,text,true,,334,440,1,1,http://api.webengage.net/v1/accounts/~2024b249/events,5,0,0
1597228085773,15,save_events_bulk,201,Created,Thread Group 1-1,text,true,,334,5772,1,1,http://api.webengage.net/v1/accounts/~2024b249/bulk-events,15,0,0
1597228086373,15,save_business-event,201,Created,Thread Group 1-1,text,true,,354,427,1,1,http://api.webengage.net/v2/accounts/~2024b249/business/save-event,15,0,0
1597228086972,44,transaction_message,200,OK,Thread Group 1-1,text,true,,469,480,1,1,http://api.webengage.net/v2/accounts/~2024b249/experiments/~2ask2s2/transaction,43,0,0
1597228087573,6,save_user,201,Created,Thread Group 1-1,text,true,,334,515,1,1,http://api.webengage.net/v1/accounts/~2024b249/users,6,0,1
1597228088173,106,save_users_bulk,201,Created,Thread Group 1-1,text,true,,334,8295,1,1,http://api.webengage.net/v1/accounts/~2024b249/bulk-users,106,0,0
1597228088772,6,save_event,201,Created,Thread Group 1-1,text,true,,334,440,1,1,http://api.webengage.net/v1/accounts/~2024b249/events,6,0,0
1597228089372,17,save_events_bulk,201,Created,Thread Group 1-1,text,true,,334,5772,1,1,http://api.webengage.net/v1/accounts/~2024b249/bulk-events,16,0,0
1597228089972,15,save_business-event,201,Created,Thread Group 1-1,text,true,,354,427,1,1,http://api.webengage.net/v2/accounts/~2024b249/business/save-event,15,0,0
1597228090572,47,transaction_message,200,OK,Thread Group 1-1,text,true,,469,480,1,1,http://api.webengage.net/v2/accounts/~2024b249/experiments/~2ask2s2/transaction,47,0,0
1597228091173,5,save_user,201,Created,Thread Group 1-1,text,true,,334,515,1,1,http://api.webengage.net/v1/accounts/~2024b249/users,5,0,0
1597228091771,93,save_users_bulk,201,Created,Thread Group 1-1,text,true,,334,8295,1,1,http://api.webengage.net/v1/accounts/~2024b249/bulk-users,93,0,0
1597228092371,6,save_event,201,Created,Thread Group 1-1,text,true,,334,440,1,1,http://api.webengage.net/v1/accounts/~2024b249/events,5,0,0
1597228092971,26,save_events_bulk,201,Created,Thread Group 1-1,text,true,,334,5772,1,1,http://api.webengage.net/v1/accounts/~2024b249/bulk-events,26,0,0
1597228093571,17,save_business-event,201,Created,Thread Group 1-1,text,true,,354,427,1,1,http://api.webengage.net/v2/accounts/~2024b249/business/save-event,17,0,0
1597228094171,47,transaction_message,200,OK,Thread Group 1-1,text,true,,469,480,1,1,http://api.webengage.net/v2/accounts/~2024b249/experiments/~2ask2s2/transaction,47,0,0
1597228094771,6,save_user,201,Created,Thread Group 1-1,text,true,,334,515,1,1,http://api.webengage.net/v1/accounts/~2024b249/users,6,0,1
1597228095371,93,save_users_bulk,201,Created,Thread Group 1-1,text,true,,334,8295,1,1,http://api.webengage.net/v1/accounts/~2024b249/bulk-users,93,0,0
1597228095972,5,save_event,201,Created,Thread Group 1-1,text,true,,334,440,1,1,http://api.webengage.net/v1/accounts/~2024b249/events,5,0,0
1597228096573,15,save_events_bulk,201,Created,Thread Group 1-1,text,true,,334,5772,1,1,http://api.webengage.net/v1/accounts/~2024b249/bulk-events,15,0,0
1597228097172,16,save_business-event,201,Created,Thread Group 1-1,text,true,,354,427,1,1,http://api.webengage.net/v2/accounts/~2024b249/business/save-event,15,0,0
1597228097773,43,transaction_message,200,OK,Thread Group 1-1,text,true,,469,480,1,1,http://api.webengage.net/v2/accounts/~2024b249/experiments/~2ask2s2/transaction,43,0,0
1597228098372,6,save_user,201,Created,Thread Group 1-1,text,true,,334,515,1,1,http://api.webengage.net/v1/accounts/~2024b249/users,6,0,1
1597228098973,105,save_users_bulk,201,Created,Thread Group 1-1,text,true,,334,8295,1,1,http://api.webengage.net/v1/accounts/~2024b249/bulk-users,105,0,0
1597228099572,8,save_event,201,Created,Thread Group 1-1,text,true,,334,440,1,1,http://api.webengage.net/v1/accounts/~2024b249/events,6,0,0
1597228100172,18,save_events_bulk,201,Created,Thread Group 1-1,text,true,,334,5772,1,1,http://api.webengage.net/v1/accounts/~2024b249/bulk-events,17,0,0
1597228100772,16,save_business-event,201,Created,Thread Group 1-1,text,true,,354,427,1,1,http://api.webengage.net/v2/accounts/~2024b249/business/save-event,16,0,0
1597228101372,48,transaction_message,200,OK,Thread Group 1-1,text,true,,469,480,1,1,http://api.webengage.net/v2/accounts/~2024b249/experiments/~2ask2s2/transaction,47,0,0
1597228101972,7,save_user,201,Created,Thread Group 1-1,text,true,,334,515,1,1,http://api.webengage.net/v1/accounts/~2024b249/users,7,0,1
1597228102572,94,save_users_bulk,201,Created,Thread Group 1-1,text,true,,334,8295,1,1,http://api.webengage.net/v1/accounts/~2024b249/bulk-users,94,0,0
1597228103172,6,save_event,201,Created,Thread Group 1-1,text,true,,334,440,1,1,http://api.webengage.net/v1/accounts/~2024b249/events,6,0,0
1597228103773,16,save_events_bulk,201,Created,Thread Group 1-1,text,true,,334,5772,1,1,http://api.webengage.net/v1/accounts/~2024b249/bulk-events,16,0,0
1597228104373,17,save_business-event,201,Created,Thread Group 1-1,text,true,,354,427,1,1,http://api.webengage.net/v2/accounts/~2024b249/business/save-event,16,0,0
1597228104973,56,transaction_message,200,OK,Thread Group 1-1,text,true,,469,480,1,1,http://api.webengage.net/v2/accounts/~2024b249/experiments/~2ask2s2/transaction,56,0,0
1597228105573,6,save_user,201,Created,Thread Group 1-1,text,true,,334,515,1,1,http://api.webengage.net/v1/accounts/~2024b249/users,6,0,0
1597228106172,91,save_users_bulk,201,Created,Thread Group 1-1,text,true,,334,8295,1,1,http://api.webengage.net/v1/accounts/~2024b249/bulk-users,91,0,0
1597228106773,7,save_event,201,Created,Thread Group 1-1,text,true,,334,440,1,1,http://api.webengage.net/v1/accounts/~2024b249/events,7,0,0
1597228107373,15,save_events_bulk,201,Created,Thread Group 1-1,text,true,,334,5772,1,1,http://api.webengage.net/v1/accounts/~2024b249/bulk-events,14,0,0
1597228107973,17,save_business-event,201,Created,Thread Group 1-1,text,true,,354,427,1,1,http://api.webengage.net/v2/accounts/~2024b249/business/save-event,16,0,0
1597228108573,45,transaction_message,200,OK,Thread Group 1-1,text,true,,469,480,1,1,http://api.webengage.net/v2/accounts/~2024b249/experiments/~2ask2s2/transaction,45,0,0
1597228109173,7,save_user,201,Created,Thread Group 1-1,text,true,,334,515,1,1,http://api.webengage.net/v1/accounts/~2024b249/users,7,0,1
1597228109773,96,save_users_bulk,201,Created,Thread Group 1-1,text,true,,334,8295,1,1,http://api.webengage.net/v1/accounts/~2024b249/bulk-users,96,0,0
1597228110373,5,save_event,201,Created,Thread Group 1-1,text,true,,334,440,1,1,http://api.webengage.net/v1/accounts/~2024b249/events,5,0,0
1597228110973,15,save_events_bulk,201,Created,Thread Group 1-1,text,true,,334,5772,1,1,http://api.webengage.net/v1/accounts/~2024b249/bulk-events,15,0,0
1597228111572,16,save_business-event,201,Created,Thread Group 1-1,text,true,,354,427,1,1,http://api.webengage.net/v2/accounts/~2024b249/business/save-event,16,0,0
1597228112173,46,transaction_message,200,OK,Thread Group 1-1,text,true,,469,480,1,1,http://api.webengage.net/v2/accounts/~2024b249/experiments/~2ask2s2/transaction,46,0,0
1597228112773,6,save_user,201,Created,Thread Group 1-1,text,true,,334,515,1,1,http://api.webengage.net/v1/accounts/~2024b249/users,6,0,1
1597228113373,99,save_users_bulk,201,Created,Thread Group 1-1,text,true,,334,8295,1,1,http://api.webengage.net/v1/accounts/~2024b249/bulk-users,99,0,0
1597228113972,6,save_event,201,Created,Thread Group 1-1,text,true,,334,440,1,1,http://api.webengage.net/v1/accounts/~2024b249/events,6,0,0
1597228114573,16,save_events_bulk,201,Created,Thread Group 1-1,text,true,,334,5772,1,1,http://api.webengage.net/v1/accounts/~2024b249/bulk-events,16,0,0
1597228115173,15,save_business-event,201,Created,Thread Group 1-1,text,true,,354,427,1,1,http://api.webengage.net/v2/accounts/~2024b249/business/save-event,15,0,0
1597228115772,43,transaction_message,200,OK,Thread Group 1-1,text,true,,469,480,1,1,http://api.webengage.net/v2/accounts/~2024b249/experiments/~2ask2s2/transaction,43,0,0
1597228116373,6,save_user,201,Created,Thread Group 1-1,text,true,,334,515,1,1,http://api.webengage.net/v1/accounts/~2024b249/users,6,0,0
1597228116973,87,save_users_bulk,201,Created,Thread Group 1-1,text,true,,334,8295,1,1,http://api.webengage.net/v1/accounts/~2024b249/bulk-users,87,0,0
1597228117572,6,save_event,201,Created,Thread Group 1-1,text,true,,334,440,1,1,http://api.webengage.net/v1/accounts/~2024b249/events,6,0,0
1597228118173,15,save_events_bulk,201,Created,Thread Group 1-1,text,true,,334,5772,1,1,http://api.webengage.net/v1/accounts/~2024b249/bulk-events,15,0,0
1597228118772,17,save_business-event,201,Created,Thread Group 1-1,text,true,,354,427,1,1,http://api.webengage.net/v2/accounts/~2024b249/business/save-event,17,0,0
1597228119372,51,transaction_message,200,OK,Thread Group 1-1,text,true,,469,480,1,1,http://api.webengage.net/v2/accounts/~2024b249/experiments/~2ask2s2/transaction,51,0,0
1597228119972,6,save_user,201,Created,Thread Group 1-1,text,true,,334,515,1,1,http://api.webengage.net/v1/accounts/~2024b249/users,5,0,1
1597228120573,97,save_users_bulk,201,Created,Thread Group 1-1,text,true,,334,8295,1,1,http://api.webengage.net/v1/accounts/~2024b249/bulk-users,97,0,0
1597228121173,6,save_event,201,Created,Thread Group 1-1,text,true,,334,440,1,1,http://api.webengage.net/v1/accounts/~2024b249/events,6,0,0
1597228121771,15,save_events_bulk,201,Created,Thread Group 1-1,text,true,,334,5772,1,1,http://api.webengage.net/v1/accounts/~2024b249/bulk-events,15,0,0
1597228122372,16,save_business-event,201,Created,Thread Group 1-1,text,true,,354,427,1,1,http://api.webengage.net/v2/accounts/~2024b249/business/save-event,15,0,0
1597228122972,44,transaction_message,200,OK,Thread Group 1-1,text,true,,469,480,1,1,http://api.webengage.net/v2/accounts/~2024b249/experiments/~2ask2s2/transaction,44,0,0
1597228123572,6,save_user,201,Created,Thread Group 1-1,text,true,,334,515,1,1,http://api.webengage.net/v1/accounts/~2024b249/users,6,0,1
1597228124172,116,save_users_bulk,201,Created,Thread Group 1-1,text,true,,334,8295,1,1,http://api.webengage.net/v1/accounts/~2024b249/bulk-users,116,0,0
1597228124772,5,save_event,201,Created,Thread Group 1-1,text,true,,334,440,1,1,http://api.webengage.net/v1/accounts/~2024b249/events,5,0,0
1597228125371,15,save_events_bulk,201,Created,Thread Group 1-1,text,true,,334,5772,1,1,http://api.webengage.net/v1/accounts/~2024b249/bulk-events,15,0,0
1597228125971,16,save_business-event,201,Created,Thread Group 1-1,text,true,,354,427,1,1,http://api.webengage.net/v2/accounts/~2024b249/business/save-event,16,0,0
1597228126573,47,transaction_message,200,OK,Thread Group 1-1,text,true,,469,480,1,1,http://api.webengage.net/v2/accounts/~2024b249/experiments/~2ask2s2/transaction,47,0,0
1597228127173,6,save_user,201,Created,Thread Group 1-1,text,true,,334,515,1,1,http://api.webengage.net/v1/accounts/~2024b249/users,6,0,0
1597228127774,106,save_users_bulk,201,Created,Thread Group 1-1,text,true,,334,8295,1,1,http://api.webengage.net/v1/accounts/~2024b249/bulk-users,105,0,0
1597228128373,9,save_event,201,Created,Thread Group 1-1,text,true,,334,440,1,1,http://api.webengage.net/v1/accounts/~2024b249/events,8,0,0
1597228128973,19,save_events_bulk,201,Created,Thread Group 1-1,text,true,,334,5772,1,1,http://api.webengage.net/v1/accounts/~2024b249/bulk-events,19,0,0
1597228129572,16,save_business-event,201,Created,Thread Group 1-1,text,true,,354,427,1,1,http://api.webengage.net/v2/accounts/~2024b249/business/save-event,16,0,0
1597228130173,48,transaction_message,200,OK,Thread Group 1-1,text,true,,469,480,1,1,http://api.webengage.net/v2/accounts/~2024b249/experiments/~2ask2s2/transaction,47,0,0
1597228130773,5,save_user,201,Created,Thread Group 1-1,text,true,,334,515,1,1,http://api.webengage.net/v1/accounts/~2024b249/users,5,0,1
1597228131372,101,save_users_bulk,201,Created,Thread Group 1-1,text,true,,334,8295,1,1,http://api.webengage.net/v1/accounts/~2024b249/bulk-users,101,0,0
1597228131972,6,save_event,201,Created,Thread Group 1-1,text,true,,334,440,1,1,http://api.webengage.net/v1/accounts/~2024b249/events,6,0,0
1597228132573,17,save_events_bulk,201,Created,Thread Group 1-1,text,true,,334,5772,1,1,http://api.webengage.net/v1/accounts/~2024b249/bulk-events,17,0,0
1597228133172,16,save_business-event,201,Created,Thread Group 1-1,text,true,,354,427,1,1,http://api.webengage.net/v2/accounts/~2024b249/business/save-event,15,0,0
1597228133773,45,transaction_message,200,OK,Thread Group 1-1,text,true,,469,480,1,1,http://api.webengage.net/v2/accounts/~2024b249/experiments/~2ask2s2/transaction,45,0,0
1597228134373,5,save_user,201,Created,Thread Group 1-1,text,true,,334,515,1,1,http://api.webengage.net/v1/accounts/~2024b249/users,5,0,0
1597228134972,102,save_users_bulk,201,Created,Thread Group 1-1,text,true,,334,8295,1,1,http://api.webengage.net/v1/accounts/~2024b249/bulk-users,102,0,0
1597228135573,5,save_event,201,Created,Thread Group 1-1,text,true,,334,440,1,1,http://api.webengage.net/v1/accounts/~2024b249/events,5,0,0
1597228136172,16,save_events_bulk,201,Created,Thread Group 1-1,text,true,,334,5772,1,1,http://api.webengage.net/v1/accounts/~2024b249/bulk-events,16,0,0
1597228136773,19,save_business-event,201,Created,Thread Group 1-1,text,true,,354,427,1,1,http://api.webengage.net/v2/accounts/~2024b249/business/save-event,18,0,0
1597228137373,49,transaction_message,200,OK,Thread Group 1-1,text,true,,469,480,1,1,http://api.webengage.net/v2/accounts/~2024b249/experiments/~2ask2s2/transaction,49,0,0
1597228137972,6,save_user,201,Created,Thread Group 1-1,text,true,,334,515,1,1,http://api.webengage.net/v1/accounts/~2024b249/users,5,0,1
1597228138573,92,save_users_bulk,201,Created,Thread Group 1-1,text,true,,334,8295,1,1,http://api.webengage.net/v1/accounts/~2024b249/bulk-users,92,0,0
1597228139172,6,save_event,201,Created,Thread Group 1-1,text,true,,334,440,1,1,http://api.webengage.net/v1/accounts/~2024b249/events,6,0,0
1597228139773,15,save_events_bulk,201,Created,Thread Group 1-1,text,true,,334,5772,1,1,http://api.webengage.net/v1/accounts/~2024b249/bulk-events,15,0,0
1597228140372,24,save_business-event,201,Created,Thread Group 1-1,text,true,,354,427,1,1,http://api.webengage.net/v2/accounts/~2024b249/business/save-event,24,0,0
1597228140973,48,transaction_message,200,OK,Thread Group 1-1,text,true,,469,480,1,1,http://api.webengage.net/v2/accounts/~2024b249/experiments/~2ask2s2/transaction,48,0,0
1597228141573,5,save_user,201,Created,Thread Group 1-1,text,true,,334,515,1,1,http://api.webengage.net/v1/accounts/~2024b249/users,5,0,0
1597228142172,105,save_users_bulk,201,Created,Thread Group 1-1,text,true,,334,8295,1,1,http://api.webengage.net/v1/accounts/~2024b249/bulk-users,105,0,0
1597228142772,6,save_event,201,Created,Thread Group 1-1,text,true,,334,440,1,1,http://api.webengage.net/v1/accounts/~2024b249/events,6,0,0
1597228143372,19,save_events_bulk,201,Created,Thread Group 1-1,text,true,,334,5772,1,1,http://api.webengage.net/v1/accounts/~2024b249/bulk-events,19,0,0
1597228143973,15,save_business-event,201,Created,Thread Group 1-1,text,true,,354,427,1,1,http://api.webengage.net/v2/accounts/~2024b249/business/save-event,15,0,0
1597228144572,52,transaction_message,200,OK,Thread Group 1-1,text,true,,469,480,1,1,http://api.webengage.net/v2/accounts/~2024b249/experiments/~2ask2s2/transaction,52,0,0
1597228145173,6,save_user,201,Created,Thread Group 1-1,text,true,,334,515,1,1,http://api.webengage.net/v1/accounts/~2024b249/users,6,0,1
1597228145773,93,save_users_bulk,201,Created,Thread Group 1-1,text,true,,334,8295,1,1,http://api.webengage.net/v1/accounts/~2024b249/bulk-users,93,0,0
1597228146373,6,save_event,201,Created,Thread Group 1-1,text,true,,334,440,1,1,http://api.webengage.net/v1/accounts/~2024b249/events,5,0,0
1597228146973,15,save_events_bulk,201,Created,Thread Group 1-1,text,true,,334,5772,1,1,http://api.webengage.net/v1/accounts/~2024b249/bulk-events,15,0,0
1597228147573,16,save_business-event,201,Created,Thread Group 1-1,text,true,,354,427,1,1,http://api.webengage.net/v2/accounts/~2024b249/business/save-event,16,0,0
1597228148172,57,transaction_message,200,OK,Thread Group 1-1,text,true,,469,480,1,1,http://api.webengage.net/v2/accounts/~2024b249/experiments/~2ask2s2/transaction,57,0,0
1597228148773,7,save_user,201,Created,Thread Group 1-1,text,true,,334,515,1,1,http://api.webengage.net/v1/accounts/~2024b249/users,7,0,1
1597228149373,92,save_users_bulk,201,Created,Thread Group 1-1,text,true,,334,8295,1,1,http://api.webengage.net/v1/accounts/~2024b249/bulk-users,92,0,0
1597228149973,6,save_event,201,Created,Thread Group 1-1,text,true,,334,440,1,1,http://api.webengage.net/v1/accounts/~2024b249/events,6,0,0
1597228150573,15,save_events_bulk,201,Created,Thread Group 1-1,text,true,,334,5772,1,1,http://api.webengage.net/v1/accounts/~2024b249/bulk-events,15,0,0
1597228151172,25,save_business-event,201,Created,Thread Group 1-1,text,true,,354,427,1,1,http://api.webengage.net/v2/accounts/~2024b249/business/save-event,25,0,0
1597228151773,43,transaction_message,200,OK,Thread Group 1-1,text,true,,469,480,1,1,http://api.webengage.net/v2/accounts/~2024b249/experiments/~2ask2s2/transaction,43,0,0
1597228152372,10,save_user,201,Created,Thread Group 1-1,text,true,,334,515,1,1,http://api.webengage.net/v1/accounts/~2024b249/users,6,0,1
1597228152972,101,save_users_bulk,201,Created,Thread Group 1-1,text,true,,334,8295,1,1,http://api.webengage.net/v1/accounts/~2024b249/bulk-users,100,0,0
1597228153573,6,save_event,201,Created,Thread Group 1-1,text,true,,334,440,1,1,http://api.webengage.net/v1/accounts/~2024b249/events,5,0,0
1597228154173,15,save_events_bulk,201,Created,Thread Group 1-1,text,true,,334,5772,1,1,http://api.webengage.net/v1/accounts/~2024b249/bulk-events,15,0,0
1597228154773,16,save_business-event,201,Created,Thread Group 1-1,text,true,,354,427,1,1,http://api.webengage.net/v2/accounts/~2024b249/business/save-event,16,0,0
1597228155372,45,transaction_message,200,OK,Thread Group 1-1,text,true,,469,480,1,1,http://api.webengage.net/v2/accounts/~2024b249/experiments/~2ask2s2/transaction,45,0,0
1597228155972,6,save_user,201,Created,Thread Group 1-1,text,true,,334,515,1,1,http://api.webengage.net/v1/accounts/~2024b249/users,6,0,1
1597228156572,96,save_users_bulk,201,Created,Thread Group 1-1,text,true,,334,8295,1,1,http://api.webengage.net/v1/accounts/~2024b249/bulk-users,96,0,0
1597228157171,6,save_event,201,Created,Thread Group 1-1,text,true,,334,440,1,1,http://api.webengage.net/v1/accounts/~2024b249/events,6,0,0
1597228157772,26,save_events_bulk,201,Created,Thread Group 1-1,text,true,,334,5772,1,1,http://api.webengage.net/v1/accounts/~2024b249/bulk-events,26,0,0
1597228158372,16,save_business-event,201,Created,Thread Group 1-1,text,true,,354,427,1,1,http://api.webengage.net/v2/accounts/~2024b249/business/save-event,16,0,0
1597228158972,48,transaction_message,200,OK,Thread Group 1-1,text,true,,469,480,1,1,http://api.webengage.net/v2/accounts/~2024b249/experiments/~2ask2s2/transaction,48,0,0
1597228159572,5,save_user,201,Created,Thread Group 1-1,text,true,,334,515,1,1,http://api.webengage.net/v1/accounts/~2024b249/users,5,0,0
1597228160172,91,save_users_bulk,201,Created,Thread Group 1-1,text,true,,334,8295,1,1,http://api.webengage.net/v1/accounts/~2024b249/bulk-users,91,0,0
1597228160771,5,save_event,201,Created,Thread Group 1-1,text,true,,334,440,1,1,http://api.webengage.net/v1/accounts/~2024b249/events,5,0,0
1597228161372,16,save_events_bulk,201,Created,Thread Group 1-1,text,true,,334,5772,1,1,http://api.webengage.net/v1/accounts/~2024b249/bulk-events,15,0,0
1597228161973,17,save_business-event,201,Created,Thread Group 1-1,text,true,,354,427,1,1,http://api.webengage.net/v2/accounts/~2024b249/business/save-event,17,0,0
1597228162573,44,transaction_message,200,OK,Thread Group 1-1,text,true,,469,480,1,1,http://api.webengage.net/v2/accounts/~2024b249/experiments/~2ask2s2/transaction,43,0,0
1597228163173,5,save_user,201,Created,Thread Group 1-1,text,true,,334,515,1,1,http://api.webengage.net/v1/accounts/~2024b249/users,5,0,0
1597228163772,95,save_users_bulk,201,Created,Thread Group 1-1,text,true,,334,8295,1,1,http://api.webengage.net/v1/accounts/~2024b249/bulk-users,95,0,0
1597228164372,6,save_event,201,Created,Thread Group 1-1,text,true,,334,440,1,1,http://api.webengage.net/v1/accounts/~2024b249/events,6,0,0
1597228164972,15,save_events_bulk,201,Created,Thread Group 1-1,text,true,,334,5772,1,1,http://api.webengage.net/v1/accounts/~2024b249/bulk-events,15,0,0
1597228165573,15,save_business-event,201,Created,Thread Group 1-1,text,true,,354,427,1,1,http://api.webengage.net/v2/accounts/~2024b249/business/save-event,15,0,0
1597228166172,44,transaction_message,200,OK,Thread Group 1-1,text,true,,469,480,1,1,http://api.webengage.net/v2/accounts/~2024b249/experiments/~2ask2s2/transaction,44,0,0
1597228166773,6,save_user,201,Created,Thread Group 1-1,text,true,,334,515,1,1,http://api.webengage.net/v1/accounts/~2024b249/users,5,0,0
1597228167373,90,save_users_bulk,201,Created,Thread Group 1-1,text,true,,334,8295,1,1,http://api.webengage.net/v1/accounts/~2024b249/bulk-users,89,0,0
1597228167973,5,save_event,201,Created,Thread Group 1-1,text,true,,334,440,1,1,http://api.webengage.net/v1/accounts/~2024b249/events,5,0,0
1597228168572,20,save_events_bulk,201,Created,Thread Group 1-1,text,true,,334,5772,1,1,http://api.webengage.net/v1/accounts/~2024b249/bulk-events,20,0,0
1597228169173,16,save_business-event,201,Created,Thread Group 1-1,text,true,,354,427,1,1,http://api.webengage.net/v2/accounts/~2024b249/business/save-event,16,0,0
1597228169772,44,transaction_message,200,OK,Thread Group 1-1,text,true,,469,480,1,1,http://api.webengage.net/v2/accounts/~2024b249/experiments/~2ask2s2/transaction,44,0,0
1597228170372,6,save_user,201,Created,Thread Group 1-1,text,true,,334,515,1,1,http://api.webengage.net/v1/accounts/~2024b249/users,6,0,1
1597228170973,94,save_users_bulk,201,Created,Thread Group 1-1,text,true,,334,8295,1,1,http://api.webengage.net/v1/accounts/~2024b249/bulk-users,94,0,0
1597228171572,6,save_event,201,Created,Thread Group 1-1,text,true,,334,440,1,1,http://api.webengage.net/v1/accounts/~2024b249/events,5,0,0
1597228172173,15,save_events_bulk,201,Created,Thread Group 1-1,text,true,,334,5772,1,1,http://api.webengage.net/v1/accounts/~2024b249/bulk-events,15,0,0
1597228172772,17,save_business-event,201,Created,Thread Group 1-1,text,true,,354,427,1,1,http://api.webengage.net/v2/accounts/~2024b249/business/save-event,17,0,0
1597228173372,44,transaction_message,200,OK,Thread Group 1-1,text,true,,469,480,1,1,http://api.webengage.net/v2/accounts/~2024b249/experiments/~2ask2s2/transaction,44,0,0
1597228173972,6,save_user,201,Created,Thread Group 1-1,text,true,,334,515,1,1,http://api.webengage.net/v1/accounts/~2024b249/users,6,0,1
1597228174572,94,save_users_bulk,201,Created,Thread Group 1-1,text,true,,334,8295,1,1,http://api.webengage.net/v1/accounts/~2024b249/bulk-users,94,0,0
1597228175172,6,save_event,201,Created,Thread Group 1-1,text,true,,334,440,1,1,http://api.webengage.net/v1/accounts/~2024b249/events,6,0,0
1597228175772,16,save_events_bulk,201,Created,Thread Group 1-1,text,true,,334,5772,1,1,http://api.webengage.net/v1/accounts/~2024b249/bulk-events,16,0,0
1597228176373,17,save_business-event,201,Created,Thread Group 1-1,text,true,,354,427,1,1,http://api.webengage.net/v2/accounts/~2024b249/business/save-event,17,0,0
1597228176972,51,transaction_message,200,OK,Thread Group 1-1,text,true,,469,480,1,1,http://api.webengage.net/v2/accounts/~2024b249/experiments/~2ask2s2/transaction,49,0,0
1597228177573,5,save_user,201,Created,Thread Group 1-1,text,true,,334,515,1,1,http://api.webengage.net/v1/accounts/~2024b249/users,5,0,1
1597228178172,99,save_users_bulk,201,Created,Thread Group 1-1,text,true,,334,8295,1,1,http://api.webengage.net/v1/accounts/~2024b249/bulk-users,99,0,0
1597228178773,5,save_event,201,Created,Thread Group 1-1,text,true,,334,440,1,1,http://api.webengage.net/v1/accounts/~2024b249/events,5,0,0
1597228179372,16,save_events_bulk,201,Created,Thread Group 1-1,text,true,,334,5772,1,1,http://api.webengage.net/v1/accounts/~2024b249/bulk-events,16,0,0
1597228179972,17,save_business-event,201,Created,Thread Group 1-1,text,true,,354,427,1,1,http://api.webengage.net/v2/accounts/~2024b249/business/save-event,17,0,0
1597228180572,50,transaction_message,200,OK,Thread Group 1-1,text,true,,469,480,1,1,http://api.webengage.net/v2/accounts/~2024b249/experiments/~2ask2s2/transaction,49,0,0
